Retire Before 65 Years Old,Gender,Desease,Education Level,Marital Status,Monthly Income,Employee/Employer,Dependants,Unemployment Rate,Stock Market,Credit Score,Government Bonds Return
1,1,1,3,0,18000,0,4,3.44487597,24066.16667,699,7.715833333
0,1,0,3,0,32000,0,1,5.02379729,42063.16667,639,5.414833333
0,1,1,4,0,20000,0,2,5.35522049,30100.5,610,7.96275
0,0,1,4,1,35000,1,1,3.84357001,24066.16667,649,7.715833333
0,0,1,3,0,27000,0,1,4.94922646,19439,638,8.024166667
1,1,0,4,0,15000,0,4,3.22742853,30804,659,8.431666667
0,1,1,5,1,16000,0,2,5.77682986,27335.5,758,8.079916667
0,0,0,3,0,26000,1,2,5.1950095,31577.33333,798,7.701083333
0,1,0,4,1,16000,0,1,4.29406689,44425.83333,624,5.8425
1,1,0,5,0,22000,0,4,5.59830462,36109.5,678,6.61
0,0,0,5,1,39000,1,3,4.34354688,27256,675,7.8225
1,1,1,3,1,19000,0,4,5.4584248,32076.33333,684,6.318333333
0,1,1,3,0,17000,1,1,5.24425019,36600,715,7.11
0,0,0,1,1,20000,0,2,4.72142055,22755,712,7.940833333
1,1,0,3,1,29000,1,4,5.0356035,19439,756,8.024166667
0,0,0,3,1,32000,0,1,4.53300508,44425.83333,635,5.8425
1,1,0,4,0,18000,0,4,4.28381716,42857.16667,647,5.604166667
0,1,1,3,1,27000,1,1,5.34449117,22755,770,7.940833333
1,0,0,5,1,15000,0,4,4.32400469,14487.16667,737,8.983333333
1,0,1,3,0,31000,0,4,4.6,44100.16667,639,6.0575
0,0,0,3,1,34000,1,2,4.82778981,41229.83333,777,5.91
1,1,1,4,1,19000,0,4,4.88226702,41912.16667,745,5.567416667
0,0,1,4,1,24000,0,2,4.87568406,44426,761,5.095083333
0,1,0,3,0,26000,1,1,5.32080167,37332.5,706,7.508333333
1,0,1,4,1,15000,0,4,4.83260494,41912.16667,673,5.567416667
1,1,0,4,1,36000,1,4,5.32080167,37332.5,668,7.508333333
1,1,1,5,1,20000,0,3,3.41905047,12789,612,9.910833333
1,0,1,4,0,24000,0,4,5.1950095,31577.33333,645,7.701083333
0,1,1,5,1,38000,1,3,5.59830462,36109.5,630,6.61
1,1,0,5,1,38000,1,4,5.19011599,32304.66667,738,7.193916667
0,0,0,3,0,24000,0,3,6.74115103,27335.5,677,8.079916667
1,1,0,3,0,20000,0,3,3.14890585,30115.33333,799,7.608333333
0,0,0,5,1,22000,0,1,5.30387327,40216.83333,672,5.3995
1,1,1,3,1,24000,0,4,5.59830462,36109.5,762,6.61
1,0,1,5,0,29000,1,4,4.68199486,37846.16667,785,6.19875
0,0,1,5,1,15000,0,2,4.31879538,13227.5,760,10.07416667
0,0,1,5,0,31000,0,2,5.25041296,44437.16667,619,5.881666667
0,0,1,5,1,20000,0,2,3.46916133,19520.66667,750,8.896666667
1,1,1,3,1,26000,1,3,3.41905047,12789,635,9.910833333
0,0,1,4,1,17000,0,1,4.70796553,36093.16667,643,6.358333333
1,0,1,5,1,18000,0,4,5.30387327,40216.83333,600,5.3995
1,1,1,5,0,36000,1,4,3.52061247,30573.16667,727,7.733416667
1,1,0,4,1,37000,1,4,5.32080167,37332.5,689,7.508333333
1,1,0,3,0,18000,0,4,4.90678778,44426,699,5.095083333
1,1,1,4,1,20000,0,4,5.4584248,32076.33333,782,6.318333333
1,0,0,4,1,30000,0,3,4.06666964,29309.33333,781,7.521666667
0,0,1,4,1,19000,0,2,4.83260494,41912.16667,647,5.567416667
0,1,0,4,0,24000,0,2,4.98532915,40216.83333,643,5.3995
1,1,0,3,0,29000,0,4,5.35396094,31577.33333,686,7.701083333
1,0,0,5,1,17000,1,4,4.94922646,19439,665,8.024166667
0,1,1,5,0,26000,1,1,4.26439053,21536,729,8.66
1,0,0,4,1,32000,0,4,5.30387327,40216.83333,698,5.3995
0,0,1,3,1,19000,0,2,4.94922646,19439,740,8.024166667
0,1,0,4,1,22000,0,2,5.02379729,42063.16667,607,5.414833333
0,1,1,3,1,18000,0,2,3.76339417,29309.33333,633,7.521666667
1,1,1,5,1,20000,0,3,3.58429637,13227.5,735,10.07416667
1,0,1,5,1,18000,1,3,3.78502178,30804,745,8.431666667
1,1,0,5,0,17000,1,4,3.71008358,27256,792,7.8225
1,1,1,3,0,32000,0,4,5.24425019,36600,762,7.11
1,1,0,3,1,18000,0,2,4.3,44555.83333,645,5.981666667
0,1,0,4,0,21000,0,2,4.92918489,41229.83333,603,5.91
0,0,0,4,0,40000,1,1,5.11135844,32304.66667,752,7.193916667
0,1,0,4,1,20000,0,1,5.02379729,42063.16667,754,5.414833333
1,1,0,4,1,31000,1,3,4.75727494,40418,607,6.365083333
1,0,1,4,1,23000,0,4,4.82778981,41229.83333,737,5.91
1,1,1,3,0,15000,0,3,5.36220735,35583.16667,625,6.431666667
1,0,1,5,0,23000,0,4,5.03775575,30100.5,655,7.96275
0,1,0,4,0,17000,0,1,4.75727494,40418,795,6.365083333
0,1,1,4,1,28000,0,1,3.96172167,26982.33333,784,8.568333333
0,1,1,3,1,17000,0,1,3.71008358,27256,745,7.8225
1,1,0,3,0,22000,0,4,5.23935845,44437.16667,650,5.881666667
0,0,0,4,0,39000,1,2,4.3,44555.83333,623,5.981666667
0,1,1,5,1,16000,1,2,3.76339417,29309.33333,737,7.521666667
1,1,0,4,0,17000,1,2,3.31364755,30373.83333,600,7.9825
1,0,0,4,0,27000,0,4,4.53300508,44425.83333,705,5.8425
0,0,0,3,1,27000,1,1,4.34354688,27256,754,7.8225
0,1,1,5,1,23000,0,2,3.22742853,30804,784,8.431666667
0,1,1,4,0,19000,0,2,3.58429637,13227.5,647,10.07416667
1,1,0,3,0,20000,0,3,5.05485168,37846.16667,625,6.19875
0,1,0,4,1,24000,0,2,3.71008358,27256,717,7.8225
0,0,0,4,0,25000,0,1,5.39200968,40243.16667,795,6.096666667
1,1,0,5,0,16000,0,2,3.44487597,24066.16667,629,7.715833333
1,1,1,4,0,29000,1,3,5.59830462,36109.5,790,6.61
0,0,0,3,1,37000,1,1,3.59050539,12789,742,9.910833333
0,1,1,3,1,37000,1,1,4.94709939,36093.16667,767,6.358333333
0,0,1,4,0,16000,1,2,5.30387327,40216.83333,723,5.3995
1,1,0,5,1,23000,0,2,4.6,44100.16667,727,6.0575
1,0,0,3,0,30000,0,4,5.11135844,32304.66667,621,7.193916667
1,1,0,5,0,40000,1,3,4.26439053,21536,623,8.66
0,1,0,4,1,20000,0,1,4.2,43587.5,772,6.165
1,1,0,4,0,26000,1,4,4.6,44100.16667,720,6.0575
1,0,0,3,1,37000,1,3,5.30387327,40216.83333,751,5.3995
1,0,0,5,1,34000,1,4,4.98618179,42063.16667,609,5.414833333
0,1,1,4,1,30000,0,1,5.14091293,40243.16667,737,6.096666667
0,0,0,4,1,35000,1,2,5.39200968,40243.16667,694,6.096666667
0,1,0,5,0,31000,0,1,4.3,44555.83333,629,5.981666667
0,1,0,5,0,34000,1,1,5.4584248,32076.33333,728,6.318333333
1,0,0,3,0,22000,0,4,4.8864339,40418,710,6.365083333
0,1,1,3,1,27000,1,1,4.92918489,41229.83333,752,5.91
0,0,0,3,1,40000,1,1,5.39200968,40243.16667,697,6.096666667
0,1,0,5,0,22000,0,1,3.76339417,29309.33333,784,7.521666667
0,1,1,5,0,24000,0,2,4.78107286,39064,618,5.945
0,0,0,4,1,16000,1,1,4.83260494,41912.16667,601,5.567416667
0,1,0,4,1,18000,0,1,4.26439053,21536,737,8.66
1,1,0,4,1,36000,1,3,5.14091293,40243.16667,751,6.096666667
1,0,0,4,1,34000,1,3,4.3801824,30573.16667,665,7.733416667
0,0,0,4,0,16000,1,1,4.54175572,20563,726,8.315833333
0,0,0,4,0,24000,0,1,4.54175572,20563,634,8.315833333
1,1,0,4,1,15000,1,2,5.35396094,31577.33333,686,7.701083333
0,1,1,4,1,20000,0,2,4.98532915,40216.83333,780,5.3995
0,1,0,4,1,20000,0,2,4.2,43587.5,739,6.165
0,0,1,4,0,16000,1,2,5.30387327,40216.83333,658,5.3995
0,1,1,4,0,18000,0,1,3.76339417,29309.33333,632,7.521666667
1,0,1,5,0,20000,0,3,4.78069453,36109.5,699,6.61
0,0,0,4,0,31000,0,3,5.74138196,32076.33333,710,6.318333333
1,0,0,4,1,17000,1,2,3.46916133,19520.66667,717,8.896666667
1,1,0,3,0,18000,1,3,5.32080167,37332.5,750,7.508333333
0,1,1,5,0,20000,0,1,5.4584248,32076.33333,622,6.318333333
1,1,0,3,0,28000,1,4,5.24425019,36600,696,7.11
0,0,0,5,0,20000,0,2,5.25041296,44437.16667,644,5.881666667
1,0,1,3,1,20000,0,4,5.39200968,40243.16667,722,6.096666667
0,1,1,4,0,28000,1,2,4.94709939,36093.16667,693,6.358333333
0,0,1,4,1,36000,1,1,5.83158683,35583.16667,752,6.431666667
1,1,0,5,1,19000,0,2,3.52061247,30573.16667,757,7.733416667
1,0,0,3,1,37000,1,4,5.22030741,36600,673,7.11
0,0,0,5,1,20000,0,2,4.32400469,14487.16667,697,8.983333333
0,1,0,3,0,20000,0,1,3.22742853,30804,734,8.431666667
0,0,1,3,0,24000,0,3,4.69723033,41661.66667,772,6.199
0,0,1,3,0,18000,0,1,3.84357001,24066.16667,695,7.715833333
1,1,0,3,0,15000,0,4,4.3,44555.83333,604,5.981666667
0,1,0,4,1,18000,0,1,3.66114181,20563,684,8.315833333
0,1,1,3,0,30000,1,1,5.36220735,35583.16667,793,6.431666667
1,1,0,3,1,16000,0,3,3.4686843,14487.16667,755,8.983333333
0,0,0,5,1,17000,0,2,5.83158683,35583.16667,719,6.431666667
0,0,0,5,0,22000,0,1,3.84357001,24066.16667,690,7.715833333
0,1,0,4,0,28000,1,1,4.28381716,42857.16667,676,5.604166667
1,1,0,3,0,35000,1,3,3.66114181,20563,766,8.315833333
1,1,1,3,1,27000,0,3,3.52061247,30573.16667,619,7.733416667
1,1,0,5,0,38000,1,3,3.41905047,12789,637,9.910833333
0,0,0,3,1,36000,1,2,5.74138196,32076.33333,749,6.318333333
1,1,1,3,1,17000,0,3,3.4686843,14487.16667,689,8.983333333
1,0,0,3,0,20000,0,4,5.1950095,31577.33333,752,7.701083333
0,0,1,5,1,32000,0,1,4.32400469,14487.16667,688,8.983333333
1,1,0,5,0,35000,1,4,4.58965589,41661.66667,777,6.199
0,1,1,5,0,38000,1,3,5.14091293,40243.16667,637,6.096666667
1,1,0,3,1,23000,0,2,3.71008358,27256,615,7.8225
0,1,0,5,1,39000,1,1,4.58965589,41661.66667,724,6.199
0,1,0,4,0,39000,1,2,5.59830462,36109.5,761,6.61
0,1,0,4,0,15000,0,2,3.22742853,30804,654,8.431666667
1,0,1,4,0,26000,1,3,4.06666964,29309.33333,748,7.521666667
0,0,0,3,1,31000,0,2,3.46916133,19520.66667,768,8.896666667
0,1,0,5,1,20000,0,1,3.66114181,20563,744,8.315833333
1,1,0,5,0,40000,1,3,5.0356035,19439,659,8.024166667
0,0,1,3,0,19000,0,2,4.84510369,39064,767,5.945
1,1,1,5,0,15000,1,4,5.0356035,19439,726,8.024166667
1,1,0,5,1,15000,1,2,5.32080167,37332.5,732,7.508333333
1,0,0,5,1,17000,0,3,4.34354688,27256,627,7.8225
1,1,0,5,1,21000,0,3,3.58429637,13227.5,685,10.07416667
1,0,1,5,1,36000,1,4,4.84510369,39064,797,5.945
0,0,1,5,0,25000,0,4,6.74115103,27335.5,710,8.079916667
0,0,1,4,0,34000,1,3,4.6,44100.16667,655,6.0575
1,0,0,5,1,35000,1,4,4.68199486,37846.16667,792,6.19875
0,0,0,3,1,18000,0,3,5.30387327,40216.83333,743,5.3995
0,0,0,5,1,18000,0,2,4.53300508,44425.83333,649,5.8425
1,1,0,5,1,36000,1,4,4.78107286,39064,687,5.945
1,1,1,3,0,15000,1,4,4.75727494,40418,659,6.365083333
0,0,1,3,1,18000,0,3,4.98618179,42063.16667,644,5.414833333
0,1,0,5,0,31000,0,2,5.23935845,44437.16667,722,5.881666667
0,1,0,5,1,35000,1,2,2.93965649,19520.66667,699,8.896666667
1,1,1,4,0,19000,0,4,5.59830462,36109.5,700,6.61
1,1,0,5,0,22000,0,4,4.98532915,40216.83333,657,5.3995
0,1,0,4,0,20000,0,1,5.19011599,32304.66667,756,7.193916667
0,0,0,3,0,21000,0,1,3.63669268,30115.33333,770,7.608333333
1,1,1,4,1,20000,0,4,5.36220735,35583.16667,753,6.431666667
1,1,0,4,0,15000,0,3,5.02379729,42063.16667,617,5.414833333
1,0,1,3,0,16000,1,4,4.8864339,40418,682,6.365083333
0,0,1,3,0,28000,1,2,4.15050313,42857.16667,796,5.604166667
0,0,1,4,0,19000,0,1,4.82778981,41229.83333,740,5.91
1,1,0,4,1,20000,0,2,4.75727494,40418,601,6.365083333
0,0,0,5,1,37000,1,1,4.8864339,40418,624,6.365083333
0,1,1,5,0,20000,0,1,4.26439053,21536,706,8.66
1,0,0,4,1,38000,1,4,5.03775575,30100.5,739,7.96275
1,1,0,3,1,40000,1,3,3.14890585,30115.33333,654,7.608333333
0,0,0,5,1,27000,0,3,4.3,44555.83333,686,5.981666667
0,1,1,3,0,17000,0,1,3.52061247,30573.16667,640,7.733416667
0,0,0,5,1,19000,0,2,5.39200968,40243.16667,689,6.096666667
0,0,0,3,1,15000,0,1,3.78502178,30804,707,8.431666667
1,0,0,3,0,18000,0,3,3.84357001,24066.16667,734,7.715833333
1,1,0,3,1,19000,0,4,5.02379729,42063.16667,603,5.414833333
0,0,1,3,1,23000,0,2,4.04175506,21536,789,8.66
0,1,1,4,1,24000,0,2,3.66114181,20563,784,8.315833333
0,1,1,4,1,16000,0,2,4.88226702,41912.16667,777,5.567416667
0,1,1,5,1,29000,0,2,4.29406689,44425.83333,763,5.8425
0,0,0,5,1,26000,0,1,4.69723033,41661.66667,796,6.199
0,0,1,5,0,19000,0,1,4.94922646,19439,722,8.024166667
1,1,0,3,1,21000,0,4,5.36220735,35583.16667,617,6.431666667
1,1,0,4,1,26000,1,4,2.93965649,19520.66667,624,8.896666667
0,0,1,5,1,39000,1,3,4.72142055,22755,755,7.940833333
1,1,0,3,0,19000,0,3,3.46001951,18716.66667,758,8.200833333
0,0,1,3,1,28000,0,1,5.1950095,31577.33333,651,7.701083333
0,1,1,4,1,39000,1,2,4.2,43587.5,718,6.165
1,0,0,5,0,40000,1,4,5.74138196,32076.33333,772,6.318333333
0,0,1,3,0,15000,0,1,4.86656602,37332.5,608,7.508333333
0,0,1,5,1,18000,0,2,4.70796553,36093.16667,726,6.358333333
0,0,1,3,1,20000,0,1,4.94922646,19439,746,8.024166667
0,0,0,5,1,31000,0,1,4.3,44555.83333,793,5.981666667
0,0,0,5,1,21000,0,1,4.8864339,40418,783,6.365083333
0,1,0,3,0,19000,0,1,5.34449117,22755,650,7.940833333
0,0,0,4,1,38000,1,3,5.22030741,36600,658,7.11
1,1,0,1,1,16000,0,3,4.90678778,44426,794,5.095083333
1,1,1,3,0,19000,0,4,2.93965649,19520.66667,688,8.896666667
0,0,0,4,1,32000,0,1,4.69723033,41661.66667,642,6.199
0,0,0,4,1,16000,1,1,4.83260494,41912.16667,734,5.567416667
0,1,0,3,1,19000,0,1,4.90678778,44426,688,5.095083333
1,1,0,3,0,17000,1,3,3.96172167,26982.33333,644,8.568333333
1,1,1,5,1,24000,0,4,4.29406689,44425.83333,653,5.8425
0,1,1,4,1,16000,0,2,3.71008358,27256,702,7.8225
0,1,0,3,1,20000,0,2,3.14890585,30115.33333,623,7.608333333
1,0,1,3,0,16000,1,4,5.74138196,32076.33333,693,6.318333333
0,1,1,5,0,22000,0,2,4.90678778,44426,645,5.095083333
0,1,1,5,1,33000,1,2,5.59830462,36109.5,772,6.61
0,1,0,4,0,39000,1,1,5.35396094,31577.33333,708,7.701083333
0,0,1,5,0,16000,1,2,5.25041296,44437.16667,699,5.881666667
0,0,0,5,0,22000,0,2,5.03775575,30100.5,782,7.96275
0,0,1,4,0,24000,0,1,4.8864339,40418,614,6.365083333
1,1,0,5,1,26000,1,3,4.29406689,44425.83333,608,5.8425
1,1,1,3,1,17000,1,4,4.6,44100.16667,659,6.0575
1,0,0,4,1,21000,0,4,4.54175572,20563,658,8.315833333
1,1,1,5,1,18000,0,4,5.0356035,19439,643,8.024166667
0,0,0,3,0,28000,0,1,4.53300508,44425.83333,783,5.8425
1,1,1,4,1,30000,0,4,5.35522049,30100.5,681,7.96275
1,0,0,3,0,37000,1,4,3.46916133,19520.66667,623,8.896666667
1,1,1,5,0,15000,0,4,3.52061247,30573.16667,655,7.733416667
1,1,1,5,0,21000,0,3,4.6,44100.16667,708,6.0575
0,1,0,3,1,26000,1,2,5.05485168,37846.16667,605,6.19875
1,1,0,5,0,37000,1,3,4.98532915,40216.83333,722,5.3995
0,0,1,3,1,29000,0,1,3.84357001,24066.16667,738,7.715833333
1,0,0,4,1,17000,1,4,3.59050539,12789,751,9.910833333
1,1,1,3,1,39000,1,4,5.24425019,36600,616,7.11
1,1,1,4,0,19000,0,4,4.94709939,36093.16667,651,6.358333333
1,1,0,3,0,19000,0,4,3.96172167,26982.33333,752,8.568333333
1,0,0,3,1,26000,0,4,5.39200968,40243.16667,682,6.096666667
0,1,0,3,1,29000,0,2,3.52061247,30573.16667,772,7.733416667
0,1,0,3,0,34000,1,1,4.94709939,36093.16667,679,6.358333333
0,0,0,3,1,17000,0,1,5.74138196,32076.33333,603,6.318333333
0,1,0,4,0,19000,0,1,3.66114181,20563,722,8.315833333
0,0,0,3,1,29000,0,2,4.70796553,36093.16667,682,6.358333333
1,0,1,3,0,15000,0,3,3.46916133,19520.66667,687,8.896666667
1,1,1,5,1,19000,0,3,2.96690257,16516.83333,787,8.589166667
0,1,0,4,0,17000,1,2,5.19011599,32304.66667,704,7.193916667
1,1,0,5,1,20000,0,4,4.78107286,39064,761,5.945
0,1,0,4,1,29000,0,1,4.3,44555.83333,754,5.981666667
1,0,1,5,1,33000,1,4,4.38253338,26982.33333,663,8.568333333
1,0,0,5,0,26000,0,4,4.72142055,22755,774,7.940833333
0,0,1,4,0,33000,1,1,4.38253338,26982.33333,728,8.568333333
1,1,0,4,1,33000,1,3,5.35396094,31577.33333,648,7.701083333
0,0,1,4,1,40000,1,1,4.82778981,41229.83333,721,5.91
1,0,0,5,1,31000,0,4,4.87568406,44426,685,5.095083333
1,0,0,3,1,32000,0,4,4.2,43587.5,738,6.165
1,1,0,4,0,19000,0,3,5.35522049,30100.5,688,7.96275
1,1,1,3,1,15000,0,3,4.90678778,44426,622,5.095083333
0,1,0,4,0,19000,0,2,3.41905047,12789,662,9.910833333
1,1,0,5,1,22000,0,3,3.71008358,27256,794,7.8225
1,0,1,4,1,34000,1,3,4.04175506,21536,770,8.66
1,0,0,4,0,35000,1,4,4.8864339,40418,710,6.365083333
1,0,0,5,1,29000,1,3,5.03775575,30100.5,770,7.96275
1,0,0,4,1,38000,1,3,4.84510369,39064,690,5.945
0,1,1,5,1,16000,0,1,4.3,44555.83333,632,5.981666667
0,0,0,4,0,33000,0,2,5.39200968,40243.16667,693,6.096666667
0,1,1,4,0,33000,1,1,4.78107286,39064,637,5.945
0,1,1,4,1,32000,0,2,5.77682986,27335.5,609,8.079916667
1,1,0,5,0,33000,1,4,4.26439053,21536,780,8.66
1,0,1,4,1,24000,0,3,3.65529884,18716.66667,768,8.200833333
1,1,0,4,1,15000,0,3,4.94709939,36093.16667,629,6.358333333
0,1,0,5,1,15000,0,2,3.41905047,12789,611,9.910833333
1,1,0,5,1,16000,0,3,4.98532915,40216.83333,617,5.3995
1,1,1,4,1,17000,1,4,5.35522049,30100.5,612,7.96275
1,1,1,3,1,19000,0,4,5.4584248,32076.33333,744,6.318333333
0,1,1,4,1,20000,0,2,2.96690257,16516.83333,609,8.589166667
0,1,0,5,1,32000,0,1,5.02379729,42063.16667,728,5.414833333
1,1,1,4,1,17000,1,4,5.59830462,36109.5,639,6.61
0,1,1,4,0,40000,1,1,4.90678778,44426,603,5.095083333
0,1,0,4,1,15000,1,1,4.58965589,41661.66667,611,6.199
0,1,1,4,0,32000,0,3,3.46001951,18716.66667,634,8.200833333
0,0,1,3,0,26000,0,1,5.30387327,40216.83333,746,5.3995
1,1,0,5,0,29000,0,3,3.44487597,24066.16667,624,7.715833333
0,1,1,5,1,31000,0,2,4.94709939,36093.16667,678,6.358333333
1,0,1,5,1,36000,1,4,4.15050313,42857.16667,619,5.604166667
0,1,0,5,1,39000,1,3,4.94709939,36093.16667,646,6.358333333
1,0,1,3,1,39000,1,3,4.3,44555.83333,607,5.981666667
1,1,0,3,0,20000,0,3,5.59830462,36109.5,614,6.61
1,0,1,5,0,30000,0,4,3.78502178,30804,796,8.431666667
1,1,1,3,1,17000,0,4,5.05485168,37846.16667,691,6.19875
1,1,1,3,1,19000,0,4,4.29406689,44425.83333,635,5.8425
0,0,0,5,1,31000,0,2,4.84510369,39064,613,5.945
0,0,0,5,1,19000,0,3,4.15050313,42857.16667,651,5.604166667
0,0,1,4,1,28000,0,1,3.38752413,16516.83333,640,8.589166667
0,0,0,3,0,18000,1,2,4.94922646,19439,621,8.024166667
1,1,1,4,1,37000,1,3,5.23935845,44437.16667,696,5.881666667
0,0,1,5,1,38000,1,2,3.63669268,30115.33333,611,7.608333333
0,1,0,4,1,27000,0,1,4.98532915,40216.83333,731,5.3995
1,1,1,3,1,34000,1,2,3.52061247,30573.16667,776,7.733416667
0,1,0,3,0,37000,1,2,5.24425019,36600,699,7.11
0,1,1,3,0,16000,1,1,3.41905047,12789,711,9.910833333
1,1,0,3,1,31000,0,4,3.71008358,27256,724,7.8225
0,0,1,4,0,16000,0,1,4.78069453,36109.5,642,6.61
0,1,1,3,0,24000,0,1,4.3,44555.83333,616,5.981666667
1,1,0,3,1,36000,1,4,5.14091293,40243.16667,797,6.096666667
0,0,1,4,1,20000,0,1,5.03775575,30100.5,759,7.96275
0,0,1,4,1,34000,1,3,4.87568406,44426,737,5.095083333
1,0,0,3,1,16000,1,3,4.3,44555.83333,763,5.981666667
0,0,1,3,0,25000,0,3,4.06666964,29309.33333,775,7.521666667
0,1,0,3,1,40000,1,1,2.93965649,19520.66667,688,8.896666667
1,1,0,3,1,29000,1,3,5.24425019,36600,669,7.11
1,0,1,4,1,16000,1,3,4.78069453,36109.5,700,6.61
0,1,0,5,1,17000,1,1,4.94709939,36093.16667,726,6.358333333
1,1,1,3,0,20000,0,2,4.75727494,40418,736,6.365083333
1,0,1,3,1,25000,0,4,4.3,44555.83333,724,5.981666667
1,1,0,5,0,29000,0,3,4.3,44555.83333,612,5.981666667
0,0,0,4,0,40000,1,2,3.65529884,18716.66667,623,8.200833333
0,1,0,3,1,31000,0,1,4.26439053,21536,625,8.66
0,0,0,4,1,36000,1,1,4.72142055,22755,735,7.940833333
0,1,1,3,1,39000,1,2,3.71008358,27256,728,7.8225
0,0,0,3,1,18000,0,2,5.74138196,32076.33333,651,6.318333333
0,1,0,4,1,19000,0,1,5.02379729,42063.16667,704,5.414833333
1,0,0,3,1,25000,0,4,4.98618179,42063.16667,654,5.414833333
1,0,0,4,1,26000,1,3,4.69723033,41661.66667,708,6.199
0,0,0,3,0,35000,1,2,4.32400469,14487.16667,751,8.983333333
1,1,0,3,1,18000,1,3,4.98532915,40216.83333,726,5.3995
0,1,1,4,0,16000,1,1,2.93965649,19520.66667,787,8.896666667
1,0,1,3,0,19000,0,3,4.83260494,41912.16667,670,5.567416667
1,0,0,5,1,20000,0,3,4.82778981,41229.83333,620,5.91
1,0,0,3,1,21000,0,4,4.87568406,44426,750,5.095083333
1,1,0,4,0,17000,1,4,4.94709939,36093.16667,701,6.358333333
0,0,0,4,0,21000,0,2,3.63669268,30115.33333,633,7.608333333
0,0,1,5,1,29000,1,2,4.06666964,29309.33333,704,7.521666667
0,1,0,4,0,34000,1,1,4.26439053,21536,628,8.66
1,1,0,3,1,17000,0,3,5.36220735,35583.16667,632,6.431666667
1,0,0,5,1,37000,1,3,4.69723033,41661.66667,734,6.199
0,1,0,3,0,39000,1,1,3.41905047,12789,771,9.910833333
0,0,0,4,1,29000,0,1,5.11135844,32304.66667,694,7.193916667
0,0,1,5,1,30000,0,1,5.39200968,40243.16667,741,6.096666667
1,0,1,3,0,34000,1,3,4.87568406,44426,640,5.095083333
0,0,0,5,1,15000,0,1,4.98618179,42063.16667,626,5.414833333
0,1,0,5,1,19000,0,2,2.96690257,16516.83333,716,8.589166667
0,0,0,5,1,18000,0,1,4.86656602,37332.5,731,7.508333333
0,0,0,3,0,27000,1,1,4.15050313,42857.16667,796,5.604166667
1,1,1,4,1,34000,1,3,4.3,44555.83333,744,5.981666667
0,1,0,5,0,17000,0,1,2.96690257,16516.83333,782,8.589166667
0,0,0,4,0,22000,0,2,4.38253338,26982.33333,763,8.568333333
1,1,1,5,1,22000,0,4,3.58429637,13227.5,730,10.07416667
0,1,1,3,0,35000,1,1,2.93965649,19520.66667,664,8.896666667
0,1,0,4,1,37000,1,2,4.6,44100.16667,687,6.0575
1,1,1,4,0,15000,0,4,4.29406689,44425.83333,720,5.8425
0,1,1,3,1,20000,0,1,3.41905047,12789,684,9.910833333
0,0,1,3,0,23000,0,3,4.15050313,42857.16667,649,5.604166667
1,0,1,3,0,16000,1,3,4.53300508,44425.83333,749,5.8425
0,1,0,3,1,16000,1,1,5.19011599,32304.66667,694,7.193916667
1,1,0,3,1,25000,0,3,5.14091293,40243.16667,747,6.096666667
0,1,1,4,1,26000,0,3,5.0356035,19439,656,8.024166667
1,1,0,5,0,27000,1,4,5.35522049,30100.5,644,7.96275
1,1,1,5,1,37000,1,4,5.32080167,37332.5,788,7.508333333
1,1,0,5,1,38000,1,3,3.76339417,29309.33333,776,7.521666667
0,0,0,4,1,33000,1,3,4.38253338,26982.33333,770,8.568333333
0,1,0,4,0,40000,1,1,5.77682986,27335.5,636,8.079916667
1,1,1,5,1,36000,1,3,5.0356035,19439,707,8.024166667
1,1,0,4,0,37000,1,3,5.36220735,35583.16667,780,6.431666667
1,0,0,5,0,15000,0,4,5.11135844,32304.66667,662,7.193916667
1,1,0,4,0,25000,0,4,2.96690257,16516.83333,749,8.589166667
0,0,0,5,1,15000,0,2,4.15050313,42857.16667,601,5.604166667
1,1,0,3,0,16000,1,4,5.36220735,35583.16667,786,6.431666667
1,1,1,3,1,17000,0,4,4.75727494,40418,664,6.365083333
0,1,0,3,0,19000,0,2,4.2,43587.5,603,6.165
1,0,1,3,0,19000,0,4,3.84357001,24066.16667,673,7.715833333
0,1,1,5,1,33000,1,2,3.41905047,12789,791,9.910833333
0,1,1,3,1,20000,0,2,4.78107286,39064,612,5.945
1,1,0,3,0,25000,0,2,4.58965589,41661.66667,655,6.199
1,0,1,3,0,34000,1,4,4.3801824,30573.16667,793,7.733416667
0,1,1,3,1,34000,1,1,3.44487597,24066.16667,739,7.715833333
1,1,0,4,1,40000,1,4,3.46001951,18716.66667,607,8.200833333
0,1,0,5,1,25000,0,2,5.32080167,37332.5,687,7.508333333
0,1,0,5,0,26000,0,2,5.23935845,44437.16667,742,5.881666667
0,0,1,5,1,36000,1,1,4.69723033,41661.66667,733,6.199
1,1,0,4,1,18000,0,3,3.76339417,29309.33333,665,7.521666667
0,1,1,4,0,30000,1,2,4.3,44555.83333,601,5.981666667
1,1,0,4,0,40000,1,4,4.88226702,41912.16667,775,5.567416667
0,0,1,4,1,36000,1,1,4.53300508,44425.83333,607,5.8425
0,0,0,4,1,25000,0,1,4.69723033,41661.66667,673,6.199
1,1,0,3,0,26000,1,3,5.35396094,31577.33333,794,7.701083333
1,0,1,5,1,18000,0,4,4.38253338,26982.33333,771,8.568333333
0,1,0,4,1,19000,0,1,5.24425019,36600,675,7.11
0,1,1,4,1,29000,0,2,4.3,44555.83333,711,5.981666667
1,1,1,4,1,18000,0,2,3.41905047,12789,679,9.910833333
0,0,1,4,1,27000,0,2,4.68199486,37846.16667,735,6.19875
0,0,0,4,1,39000,1,1,4.54175572,20563,677,8.315833333
1,1,0,3,0,21000,0,4,2.96690257,16516.83333,631,8.589166667
0,1,1,3,0,36000,1,1,3.96172167,26982.33333,733,8.568333333
1,1,1,5,1,28000,1,3,5.36220735,35583.16667,675,6.431666667
1,1,0,5,0,35000,1,4,5.35522049,30100.5,710,7.96275
1,0,1,5,1,19000,0,4,5.03775575,30100.5,610,7.96275
0,0,1,3,1,29000,1,2,3.59050539,12789,754,9.910833333
0,0,1,3,0,17000,0,1,4.86656602,37332.5,688,7.508333333
0,0,1,4,0,15000,1,2,6.74115103,27335.5,705,8.079916667
1,1,0,3,1,18000,0,3,2.96690257,16516.83333,630,8.589166667
1,1,0,4,1,19000,0,3,5.19011599,32304.66667,672,7.193916667
1,1,0,5,1,22000,0,4,5.35522049,30100.5,617,7.96275
0,1,1,5,0,34000,1,2,3.41905047,12789,718,9.910833333
1,0,0,5,1,25000,0,3,4.32400469,14487.16667,722,8.983333333
1,0,1,4,0,17000,0,4,3.38752413,16516.83333,674,8.589166667
1,0,0,3,1,18000,0,3,3.84357001,24066.16667,684,7.715833333
0,0,0,5,0,32000,0,3,4.34354688,27256,731,7.8225
1,1,1,2,0,19000,0,3,5.35396094,31577.33333,635,7.701083333
0,1,1,3,1,40000,1,2,4.78107286,39064,747,5.945
1,1,1,2,0,15000,0,2,4.6,44100.16667,678,6.0575
0,0,1,4,1,17000,1,2,4.83260494,41912.16667,754,5.567416667
0,0,0,3,0,20000,0,1,3.38752413,16516.83333,736,8.589166667
1,1,0,3,0,17000,0,3,5.02379729,42063.16667,626,5.414833333
1,1,0,3,0,32000,0,4,5.23935845,44437.16667,774,5.881666667
1,1,1,5,0,18000,1,3,3.22742853,30804,766,8.431666667
0,0,0,5,1,25000,0,1,5.22030741,36600,751,7.11
0,0,0,4,1,29000,1,2,3.84357001,24066.16667,766,7.715833333
0,1,0,5,1,32000,0,2,5.4584248,32076.33333,707,6.318333333
1,1,0,5,1,32000,0,3,5.32080167,37332.5,618,7.508333333
0,0,1,4,1,35000,1,3,3.38752413,16516.83333,603,8.589166667
0,0,0,3,0,19000,0,1,5.39200968,40243.16667,673,6.096666667
0,1,1,3,1,25000,0,2,5.35522049,30100.5,725,7.96275
1,1,1,4,0,36000,1,4,4.6,44100.16667,682,6.0575
1,0,0,5,0,21000,0,4,6.74115103,27335.5,630,8.079916667
1,1,0,4,1,19000,0,2,5.05485168,37846.16667,672,6.19875
1,1,1,5,0,27000,1,4,5.05485168,37846.16667,758,6.19875
1,1,0,5,1,20000,0,2,4.90678778,44426,683,5.095083333
0,1,0,5,1,16000,1,1,5.35396094,31577.33333,636,7.701083333
1,1,1,4,1,21000,0,3,3.52061247,30573.16667,709,7.733416667
1,0,0,3,0,25000,0,3,3.38752413,16516.83333,619,8.589166667
0,1,0,5,1,38000,1,2,4.94709939,36093.16667,674,6.358333333
0,0,0,5,1,35000,1,2,4.06666964,29309.33333,632,7.521666667
1,1,1,3,1,16000,1,4,5.36220735,35583.16667,751,6.431666667
1,1,1,4,1,28000,0,4,4.28381716,42857.16667,622,5.604166667
0,0,0,3,0,33000,1,1,4.94922646,19439,719,8.024166667
1,1,1,3,0,19000,0,3,5.05485168,37846.16667,687,6.19875
1,1,0,4,0,36000,1,3,3.44487597,24066.16667,620,7.715833333
0,1,0,3,1,20000,0,2,5.32080167,37332.5,753,7.508333333
0,0,1,5,1,33000,1,1,4.84510369,39064,704,5.945
1,0,0,4,0,17000,1,3,4.8864339,40418,703,6.365083333
0,1,1,5,0,20000,0,2,5.35396094,31577.33333,667,7.701083333
1,1,1,3,1,15000,1,3,5.05485168,37846.16667,718,6.19875
1,1,1,4,1,22000,0,4,5.14091293,40243.16667,682,6.096666667
0,1,0,5,1,32000,0,2,4.78107286,39064,768,5.945
1,1,1,3,0,18000,0,4,4.6,44100.16667,743,6.0575
0,1,0,4,1,15000,1,1,5.77682986,27335.5,701,8.079916667
0,0,0,5,1,20000,0,3,4.8864339,40418,661,6.365083333
0,1,1,5,0,28000,1,1,5.36220735,35583.16667,791,6.431666667
0,1,0,3,0,15000,0,2,3.46001951,18716.66667,732,8.200833333
0,1,0,5,0,21000,0,1,3.46001951,18716.66667,670,8.200833333
1,1,0,5,1,17000,1,3,2.96690257,16516.83333,641,8.589166667
0,0,0,3,1,25000,0,2,4.86656602,37332.5,756,7.508333333
0,1,0,4,1,38000,1,2,3.66114181,20563,636,8.315833333
0,0,0,4,1,19000,0,2,4.38253338,26982.33333,628,8.568333333
1,1,1,5,0,37000,1,3,5.05485168,37846.16667,609,6.19875
0,0,0,5,1,19000,0,2,4.34354688,27256,782,7.8225
1,1,0,4,1,20000,0,3,5.02379729,42063.16667,694,5.414833333
0,0,1,5,1,22000,0,2,3.78502178,30804,686,8.431666667
0,1,0,5,0,18000,0,2,4.58965589,41661.66667,751,6.199
0,0,0,5,1,30000,0,2,5.74138196,32076.33333,634,6.318333333
0,1,1,5,1,32000,0,1,2.93965649,19520.66667,745,8.896666667
0,0,1,4,0,19000,0,3,4.54175572,20563,792,8.315833333
0,0,1,4,0,23000,0,2,4.84510369,39064,690,5.945
0,1,1,3,1,19000,0,2,4.88226702,41912.16667,627,5.567416667
0,1,1,3,0,38000,1,2,4.6,44100.16667,704,6.0575
1,1,0,4,0,27000,1,4,5.34449117,22755,791,7.940833333
1,1,1,4,1,40000,1,4,3.41905047,12789,709,9.910833333
1,1,0,5,0,23000,0,3,5.23935845,44437.16667,624,5.881666667
0,0,1,3,1,25000,0,2,5.03775575,30100.5,623,7.96275
1,1,0,3,1,16000,1,4,4.92918489,41229.83333,678,5.91
0,0,1,5,1,20000,0,2,4.70796553,36093.16667,755,6.358333333
0,1,0,4,1,17000,1,1,5.34449117,22755,782,7.940833333
0,1,0,4,0,22000,0,2,3.4686843,14487.16667,751,8.983333333
0,1,0,4,1,24000,0,1,2.96690257,16516.83333,603,8.589166667
0,0,0,3,1,28000,1,2,4.2,43587.5,646,6.165
0,1,1,4,0,19000,0,1,5.32080167,37332.5,683,7.508333333
0,1,1,4,1,33000,1,2,3.52061247,30573.16667,722,7.733416667
0,1,1,3,1,18000,0,1,5.35396094,31577.33333,680,7.701083333
1,0,0,3,1,40000,1,4,4.69723033,41661.66667,647,6.199
1,1,0,4,1,40000,1,4,4.26439053,21536,641,8.66
1,0,0,4,1,21000,0,4,5.74138196,32076.33333,660,6.318333333
1,1,1,5,1,33000,1,3,5.19011599,32304.66667,673,7.193916667
1,0,0,3,0,15000,0,3,4.15050313,42857.16667,690,5.604166667
1,1,1,3,0,20000,0,3,3.46001951,18716.66667,668,8.200833333
0,1,1,4,1,28000,1,1,5.0356035,19439,600,8.024166667
0,1,1,4,1,16000,1,1,5.19011599,32304.66667,789,7.193916667
0,1,0,4,0,26000,0,2,5.34449117,22755,635,7.940833333
0,0,0,3,0,29000,1,1,5.22030741,36600,669,7.11
0,0,0,5,1,18000,0,2,4.53300508,44425.83333,728,5.8425
1,0,0,4,1,19000,0,4,3.63669268,30115.33333,727,7.608333333
0,1,1,3,1,33000,1,1,4.58965589,41661.66667,781,6.199
1,1,0,3,1,20000,0,3,4.29406689,44425.83333,717,5.8425
0,0,0,3,1,29000,0,2,4.06666964,29309.33333,662,7.521666667
0,1,0,5,1,37000,1,1,4.75727494,40418,675,6.365083333
1,1,0,3,1,17000,1,2,4.75727494,40418,671,6.365083333
1,1,0,5,1,23000,0,4,5.59830462,36109.5,666,6.61
1,1,0,3,1,19000,0,2,3.4686843,14487.16667,691,8.983333333
1,0,0,5,1,15000,1,4,3.59050539,12789,667,9.910833333
0,0,0,4,0,20000,0,2,4.54175572,20563,716,8.315833333
0,1,0,5,0,36000,1,2,4.92918489,41229.83333,625,5.91
0,0,0,3,0,15000,0,1,3.38752413,16516.83333,639,8.589166667
0,1,1,3,0,15000,0,1,4.29406689,44425.83333,629,5.8425
1,1,1,3,0,19000,0,4,4.88226702,41912.16667,743,5.567416667
1,1,0,5,0,40000,1,4,5.05485168,37846.16667,746,6.19875
0,0,0,5,1,39000,1,1,4.06666964,29309.33333,677,7.521666667
1,1,0,3,1,27000,0,4,3.41905047,12789,719,9.910833333
1,0,0,4,1,31000,0,3,4.3801824,30573.16667,728,7.733416667
0,0,0,3,1,25000,0,1,5.30387327,40216.83333,749,5.3995
1,1,1,5,0,19000,0,4,5.35396094,31577.33333,642,7.701083333
1,1,0,3,1,21000,0,4,5.77682986,27335.5,639,8.079916667
0,0,1,3,0,23000,0,1,3.63669268,30115.33333,721,7.608333333
0,1,0,3,0,24000,0,1,4.3,44555.83333,797,5.981666667
0,1,1,4,1,17000,1,1,5.36220735,35583.16667,619,6.431666667
1,1,0,3,1,26000,1,3,4.88226702,41912.16667,716,5.567416667
1,1,1,4,1,17000,0,4,4.28381716,42857.16667,749,5.604166667
1,1,0,4,0,19000,0,4,5.59830462,36109.5,702,6.61
0,0,0,3,0,21000,0,3,4.84510369,39064,663,5.945
0,1,0,5,1,21000,0,1,5.05485168,37846.16667,796,6.19875
1,0,0,5,1,31000,1,4,4.53300508,44425.83333,780,5.8425
0,1,1,5,1,19000,0,1,5.23935845,44437.16667,793,5.881666667
0,1,1,4,1,28000,0,1,5.32080167,37332.5,629,7.508333333
0,0,0,3,0,33000,1,1,4.78069453,36109.5,687,6.61
1,1,0,4,1,18000,1,4,5.0356035,19439,702,8.024166667
1,0,0,4,1,16000,1,3,5.1950095,31577.33333,781,7.701083333
1,1,1,3,1,39000,1,4,4.58965589,41661.66667,777,6.199
1,0,0,4,1,29000,0,4,4.72142055,22755,698,7.940833333
1,0,0,4,1,21000,0,3,4.6,44100.16667,656,6.0575
1,1,1,3,0,15000,0,3,2.96690257,16516.83333,626,8.589166667
0,0,0,3,1,21000,0,2,4.72142055,22755,673,7.940833333
1,1,0,5,0,24000,0,3,4.78107286,39064,764,5.945
0,1,1,4,1,26000,1,2,5.35522049,30100.5,741,7.96275
1,0,0,4,0,22000,0,4,4.82778981,41229.83333,697,5.91
0,0,0,3,0,17000,0,3,5.03775575,30100.5,716,7.96275
1,1,0,4,1,17000,0,4,5.14091293,40243.16667,605,6.096666667
0,0,1,3,0,20000,0,2,5.11135844,32304.66667,608,7.193916667
0,0,1,4,0,15000,0,1,5.1950095,31577.33333,717,7.701083333
0,1,0,5,1,39000,1,2,5.36220735,35583.16667,737,6.431666667
0,1,1,5,1,32000,0,2,4.28381716,42857.16667,797,5.604166667
0,0,0,5,1,34000,1,2,3.38752413,16516.83333,754,8.589166667
0,0,1,5,0,26000,0,3,3.70537487,30373.83333,601,7.9825
0,0,1,3,1,18000,1,1,4.2,43587.5,607,6.165
0,0,0,5,1,20000,0,3,5.25041296,44437.16667,643,5.881666667
0,0,1,3,1,31000,0,2,4.68199486,37846.16667,618,6.19875
1,1,0,5,0,20000,0,4,4.3,44555.83333,738,5.981666667
1,0,0,3,0,38000,1,4,3.38752413,16516.83333,638,8.589166667
1,0,1,5,1,15000,0,3,3.38752413,16516.83333,640,8.589166667
1,0,1,3,1,17000,1,4,3.59050539,12789,654,9.910833333
0,0,1,3,0,24000,0,3,3.70537487,30373.83333,700,7.9825
0,0,1,5,1,28000,1,2,3.38752413,16516.83333,611,8.589166667
1,1,0,5,1,19000,0,3,3.14890585,30115.33333,782,7.608333333
1,1,0,3,0,35000,1,4,5.32080167,37332.5,622,7.508333333
0,1,1,4,0,19000,0,1,5.59830462,36109.5,669,6.61
1,1,0,5,1,21000,0,4,5.4584248,32076.33333,765,6.318333333
0,0,0,4,0,35000,1,1,4.78069453,36109.5,658,6.61
0,0,0,5,0,26000,0,2,4.68199486,37846.16667,747,6.19875
1,1,0,2,1,17000,0,3,3.96172167,26982.33333,641,8.568333333
0,0,1,3,0,20000,0,1,3.38752413,16516.83333,719,8.589166667
1,1,0,3,0,15000,0,3,3.22742853,30804,661,8.431666667
0,1,0,5,1,19000,0,1,3.22742853,30804,618,8.431666667
0,0,1,4,0,29000,1,1,4.78069453,36109.5,656,6.61
1,0,0,3,1,40000,1,3,4.86656602,37332.5,749,7.508333333
1,1,1,4,1,17000,0,3,4.88226702,41912.16667,783,5.567416667
0,1,0,4,1,31000,0,2,5.36220735,35583.16667,616,6.431666667
0,0,1,5,1,33000,1,2,3.38752413,16516.83333,612,8.589166667
1,1,1,5,1,16000,0,3,3.71008358,27256,712,7.8225
0,0,1,5,1,16000,1,1,4.06666964,29309.33333,732,7.521666667
0,0,1,3,0,16000,0,2,3.84357001,24066.16667,735,7.715833333
1,1,0,3,1,20000,0,3,5.23935845,44437.16667,667,5.881666667
0,1,1,3,1,19000,0,1,5.77682986,27335.5,791,8.079916667
1,0,1,5,0,38000,1,3,4.06666964,29309.33333,622,7.521666667
1,1,1,3,1,18000,0,4,3.96172167,26982.33333,609,8.568333333
1,0,0,5,0,22000,0,4,4.06666964,29309.33333,609,7.521666667
0,1,1,4,0,23000,0,1,5.05485168,37846.16667,800,6.19875
1,1,1,5,1,17000,1,3,3.71008358,27256,641,7.8225
1,1,0,5,0,28000,0,3,3.58429637,13227.5,730,10.07416667
0,0,0,3,1,23000,0,1,4.3,44555.83333,738,5.981666667
1,1,1,3,1,27000,1,4,4.26439053,21536,621,8.66
1,0,1,5,0,33000,1,3,3.70537487,30373.83333,764,7.9825
1,1,1,4,0,15000,0,3,2.93965649,19520.66667,701,8.896666667
0,1,0,4,1,22000,0,2,5.35522049,30100.5,696,7.96275
1,1,1,4,0,17000,1,3,3.14890585,30115.33333,791,7.608333333
0,0,1,5,1,23000,0,3,3.78502178,30804,620,8.431666667
0,0,1,5,0,29000,0,2,5.11135844,32304.66667,603,7.193916667
1,0,0,3,1,30000,1,3,5.22030741,36600,709,7.11
1,1,0,5,1,33000,1,3,4.98532915,40216.83333,682,5.3995
1,1,1,4,0,16000,1,4,4.58965589,41661.66667,761,6.199
1,0,1,5,1,22000,0,4,4.68199486,37846.16667,758,6.19875
0,1,0,3,1,26000,0,1,5.14091293,40243.16667,641,6.096666667
0,0,0,5,1,30000,1,2,4.15050313,42857.16667,696,5.604166667
1,1,1,3,1,33000,0,4,5.4584248,32076.33333,617,6.318333333
1,1,0,5,1,35000,1,4,2.93965649,19520.66667,631,8.896666667
1,0,0,3,1,25000,0,4,4.8864339,40418,706,6.365083333
1,1,1,4,1,35000,1,3,3.44487597,24066.16667,766,7.715833333
0,0,0,4,1,21000,0,1,4.2,43587.5,689,6.165
1,0,1,4,1,20000,0,4,5.83158683,35583.16667,776,6.431666667
1,1,0,3,0,15000,0,2,5.24425019,36600,664,7.11
0,1,0,3,1,36000,1,2,3.31364755,30373.83333,695,7.9825
1,1,1,3,1,40000,1,2,4.88226702,41912.16667,712,5.567416667
1,1,0,5,1,15000,0,4,5.23935845,44437.16667,612,5.881666667
0,1,1,5,1,25000,0,1,4.90678778,44426,723,5.095083333
1,1,0,5,1,36000,1,4,5.59830462,36109.5,753,6.61
0,1,1,3,0,22000,0,2,5.05485168,37846.16667,788,6.19875
0,0,0,4,1,34000,1,1,4.2,43587.5,709,6.165
1,1,1,3,0,15000,1,4,2.96690257,16516.83333,735,8.589166667
0,1,0,4,0,21000,0,2,3.41905047,12789,603,9.910833333
1,1,1,4,1,17000,1,4,5.05485168,37846.16667,600,6.19875
1,1,0,4,1,37000,1,2,3.4686843,14487.16667,724,8.983333333
1,0,0,4,0,19000,0,3,4.82778981,41229.83333,709,5.91
0,1,1,3,0,19000,0,2,5.35522049,30100.5,725,7.96275
1,1,1,2,0,17000,1,4,4.75727494,40418,609,6.365083333
0,0,0,3,1,19000,0,3,5.1950095,31577.33333,609,7.701083333
1,0,0,4,1,22000,0,4,3.63669268,30115.33333,622,7.608333333
0,1,1,3,1,25000,0,2,4.94709939,36093.16667,766,6.358333333
0,1,0,3,0,34000,1,1,4.75727494,40418,743,6.365083333
1,1,0,4,0,36000,1,4,5.02379729,42063.16667,752,5.414833333
0,0,0,5,1,20000,0,3,3.70537487,30373.83333,746,7.9825
0,1,0,5,0,20000,0,1,4.78107286,39064,710,5.945
1,1,1,5,1,18000,0,3,3.44487597,24066.16667,777,7.715833333
0,1,1,5,1,26000,1,1,3.58429637,13227.5,757,10.07416667
1,0,0,5,1,32000,0,4,4.53300508,44425.83333,613,5.8425
1,1,1,5,0,32000,0,4,3.31364755,30373.83333,769,7.9825
1,1,1,4,1,23000,0,4,5.02379729,42063.16667,639,5.414833333
0,0,0,5,1,33000,1,2,5.22030741,36600,672,7.11
0,1,0,5,0,24000,0,2,3.22742853,30804,653,8.431666667
0,1,0,3,0,25000,0,2,5.05485168,37846.16667,679,6.19875
1,1,1,3,0,16000,1,2,4.90678778,44426,645,5.095083333
1,1,1,4,1,19000,0,3,5.19011599,32304.66667,669,7.193916667
1,0,0,5,1,36000,1,4,4.32400469,14487.16667,632,8.983333333
0,1,1,4,1,25000,1,2,4.28381716,42857.16667,603,5.604166667
0,1,0,4,1,31000,0,2,4.6,44100.16667,607,6.0575
0,1,0,4,0,19000,0,2,2.93965649,19520.66667,738,8.896666667
0,0,0,3,0,21000,0,2,4.72142055,22755,620,7.940833333
1,1,0,4,1,27000,1,4,3.22742853,30804,690,8.431666667
1,1,0,3,1,29000,0,3,4.92918489,41229.83333,734,5.91
0,0,0,4,0,16000,0,1,4.15050313,42857.16667,759,5.604166667
1,0,1,4,0,18000,0,4,4.94922646,19439,752,8.024166667
0,0,0,3,0,24000,0,2,4.04175506,21536,748,8.66
0,1,0,4,0,37000,1,1,4.2,43587.5,689,6.165
1,1,0,3,0,16000,1,3,5.36220735,35583.16667,719,6.431666667
0,0,0,4,1,16000,0,2,3.78502178,30804,713,8.431666667
0,1,1,3,0,18000,0,2,5.0356035,19439,603,8.024166667
0,1,1,3,0,23000,0,3,2.96690257,16516.83333,753,8.589166667
0,1,1,5,0,23000,0,1,5.35396094,31577.33333,756,7.701083333
0,1,0,3,1,32000,0,1,3.44487597,24066.16667,770,7.715833333
1,1,1,3,1,18000,0,4,4.78107286,39064,761,5.945
1,0,0,5,1,35000,1,4,3.63669268,30115.33333,647,7.608333333
1,1,1,3,1,25000,0,4,5.35396094,31577.33333,725,7.701083333
0,1,1,3,1,35000,1,1,5.0356035,19439,666,8.024166667
0,1,0,4,0,23000,0,2,3.14890585,30115.33333,601,7.608333333
1,1,0,4,0,27000,1,4,3.22742853,30804,652,8.431666667
1,0,0,4,1,25000,0,4,4.6,44100.16667,677,6.0575
0,1,1,5,1,27000,1,1,4.94709939,36093.16667,637,6.358333333
0,0,0,5,0,31000,0,3,5.22030741,36600,680,7.11
0,0,0,3,0,19000,0,1,4.15050313,42857.16667,753,5.604166667
0,0,0,5,1,20000,0,1,3.63669268,30115.33333,760,7.608333333
1,1,0,5,1,23000,0,2,4.90678778,44426,724,5.095083333
0,1,0,5,1,36000,1,1,5.4584248,32076.33333,602,6.318333333
0,1,0,3,0,21000,0,2,4.90678778,44426,790,5.095083333
1,1,0,5,0,16000,0,3,4.2,43587.5,691,6.165
0,1,0,5,1,36000,1,1,5.35396094,31577.33333,754,7.701083333
1,1,0,2,1,15000,1,2,3.66114181,20563,712,8.315833333
0,1,1,4,0,19000,0,1,3.71008358,27256,723,7.8225
0,1,1,5,0,25000,0,1,5.02379729,42063.16667,656,5.414833333
0,0,0,3,1,38000,1,2,4.82778981,41229.83333,612,5.91
1,1,0,3,1,32000,0,3,5.32080167,37332.5,756,7.508333333
0,0,0,4,1,22000,0,2,5.74138196,32076.33333,688,6.318333333
0,0,0,4,1,34000,1,1,3.46916133,19520.66667,698,8.896666667
0,1,0,4,1,36000,1,2,3.66114181,20563,672,8.315833333
1,0,0,3,1,37000,1,3,3.70537487,30373.83333,784,7.9825
1,1,1,4,0,39000,1,4,4.29406689,44425.83333,702,5.8425
1,1,0,4,1,18000,0,4,4.75727494,40418,615,6.365083333
0,1,0,3,0,16000,0,1,3.4686843,14487.16667,610,8.983333333
1,1,0,3,1,27000,1,2,5.77682986,27335.5,676,8.079916667
1,1,1,3,1,22000,0,4,4.92918489,41229.83333,762,5.91
0,1,0,4,0,34000,1,2,5.05485168,37846.16667,797,6.19875
1,0,0,3,1,35000,1,4,4.98618179,42063.16667,637,5.414833333
1,0,0,5,0,36000,1,3,5.39200968,40243.16667,763,6.096666667
1,0,1,4,1,18000,0,4,4.87568406,44426,660,5.095083333
0,1,0,5,0,20000,0,1,4.29406689,44425.83333,699,5.8425
1,0,0,5,1,27000,1,4,5.22030741,36600,713,7.11
1,0,1,2,0,15000,0,4,4.3801824,30573.16667,622,7.733416667
0,0,0,5,1,18000,0,2,4.8864339,40418,685,6.365083333
0,0,0,5,1,23000,0,2,4.3801824,30573.16667,768,7.733416667
0,1,0,5,1,24000,0,1,4.90678778,44426,795,5.095083333
0,1,0,3,0,22000,0,1,4.29406689,44425.83333,776,5.8425
0,0,0,4,1,26000,0,2,4.83260494,41912.16667,743,5.567416667
1,0,0,4,1,38000,1,3,3.46916133,19520.66667,737,8.896666667
0,0,1,1,1,18000,0,1,3.46916133,19520.66667,744,8.896666667
0,1,1,3,0,18000,0,1,3.66114181,20563,668,8.315833333
1,1,0,4,1,30000,0,4,5.4584248,32076.33333,680,6.318333333
0,1,0,4,1,36000,1,1,5.32080167,37332.5,661,7.508333333
0,1,0,5,1,15000,0,2,5.02379729,42063.16667,741,5.414833333
1,0,1,4,1,15000,0,4,4.98618179,42063.16667,756,5.414833333
0,0,1,3,0,17000,0,1,5.83158683,35583.16667,770,6.431666667
1,1,1,3,1,15000,0,3,5.14091293,40243.16667,699,6.096666667
1,0,1,3,1,20000,0,4,3.59050539,12789,783,9.910833333
1,1,0,5,0,16000,1,4,5.59830462,36109.5,621,6.61
1,1,0,5,0,18000,1,2,4.28381716,42857.16667,753,5.604166667
1,1,1,5,1,20000,0,4,3.96172167,26982.33333,709,8.568333333
0,0,1,4,1,35000,1,1,6.74115103,27335.5,748,8.079916667
1,0,0,4,0,40000,1,3,3.59050539,12789,637,9.910833333
0,0,0,5,1,32000,0,1,5.22030741,36600,783,7.11
0,1,1,4,1,26000,1,1,5.24425019,36600,651,7.11
1,1,0,5,1,34000,1,3,5.4584248,32076.33333,782,6.318333333
0,1,0,3,0,15000,0,1,3.14890585,30115.33333,698,7.608333333
1,1,1,4,1,16000,0,3,5.19011599,32304.66667,623,7.193916667
1,1,0,5,0,24000,0,4,5.36220735,35583.16667,772,6.431666667
0,1,1,4,1,20000,0,1,4.75727494,40418,759,6.365083333
1,1,0,4,1,27000,0,3,4.94709939,36093.16667,745,6.358333333
0,1,1,4,0,34000,1,1,3.31364755,30373.83333,745,7.9825
1,1,1,3,1,35000,1,4,4.94709939,36093.16667,650,6.358333333
0,0,1,3,0,20000,0,2,4.32400469,14487.16667,642,8.983333333
0,1,0,5,0,39000,1,3,3.76339417,29309.33333,640,7.521666667
0,1,0,4,1,17000,1,1,5.77682986,27335.5,651,8.079916667
0,0,0,4,1,23000,0,1,4.94922646,19439,732,8.024166667
0,0,0,5,1,25000,0,2,4.53300508,44425.83333,656,5.8425
1,1,1,5,0,16000,0,4,5.02379729,42063.16667,689,5.414833333
1,0,0,4,1,28000,0,4,4.87568406,44426,702,5.095083333
1,0,0,4,1,38000,1,4,5.22030741,36600,652,7.11
0,0,1,3,0,18000,0,1,4.53300508,44425.83333,789,5.8425
1,1,1,4,1,35000,1,3,5.35396094,31577.33333,611,7.701083333
0,0,0,3,1,40000,1,3,3.46916133,19520.66667,699,8.896666667
0,0,1,5,1,15000,0,2,5.83158683,35583.16667,738,6.431666667
1,1,1,5,1,17000,1,4,3.46001951,18716.66667,784,8.200833333
0,1,1,3,1,19000,0,1,4.75727494,40418,720,6.365083333
1,1,0,1,0,19000,0,4,5.35396094,31577.33333,695,7.701083333
0,0,0,5,0,27000,0,1,4.54175572,20563,600,8.315833333
0,1,1,3,0,28000,0,2,5.35522049,30100.5,726,7.96275
0,0,0,4,1,39000,1,1,5.74138196,32076.33333,756,6.318333333
1,1,1,3,0,16000,1,3,3.4686843,14487.16667,734,8.983333333
1,1,0,5,0,16000,0,3,4.28381716,42857.16667,708,5.604166667
1,1,0,3,0,27000,0,4,5.14091293,40243.16667,735,6.096666667
1,1,0,3,1,29000,1,2,5.14091293,40243.16667,701,6.096666667
1,0,1,3,1,16000,1,4,4.78069453,36109.5,682,6.61
1,1,0,4,1,20000,0,3,3.96172167,26982.33333,658,8.568333333
0,1,1,3,0,22000,0,1,5.34449117,22755,728,7.940833333
0,1,1,4,1,20000,0,2,4.78107286,39064,775,5.945
0,1,1,4,1,28000,0,1,3.14890585,30115.33333,617,7.608333333
1,0,0,5,0,17000,1,4,4.68199486,37846.16667,724,6.19875
1,1,0,4,0,40000,1,3,4.75727494,40418,640,6.365083333
0,1,1,5,0,20000,0,1,3.76339417,29309.33333,632,7.521666667
0,0,0,3,1,34000,1,1,4.70796553,36093.16667,647,6.358333333
0,1,0,5,1,38000,1,3,3.96172167,26982.33333,666,8.568333333
1,1,0,4,1,21000,0,3,5.36220735,35583.16667,690,6.431666667
0,0,0,4,1,34000,1,1,4.72142055,22755,777,7.940833333
0,1,0,5,0,20000,0,1,3.44487597,24066.16667,622,7.715833333
0,1,1,5,0,29000,1,1,4.2,43587.5,660,6.165
1,1,0,4,1,15000,0,3,4.94709939,36093.16667,756,6.358333333
1,1,1,3,0,15000,0,3,5.36220735,35583.16667,615,6.431666667
0,1,1,5,0,19000,0,1,4.3,44555.83333,710,5.981666667
1,1,0,5,0,16000,1,3,3.66114181,20563,792,8.315833333
0,1,1,4,1,18000,1,1,5.0356035,19439,643,8.024166667
0,1,0,3,1,30000,1,2,5.34449117,22755,787,7.940833333
0,0,0,4,1,32000,0,3,4.69723033,41661.66667,607,6.199
0,1,0,5,1,35000,1,2,3.66114181,20563,726,8.315833333
0,0,0,5,0,40000,1,2,4.98618179,42063.16667,732,5.414833333
1,1,0,4,0,40000,1,4,3.41905047,12789,730,9.910833333
1,1,0,4,0,15000,0,4,5.59830462,36109.5,778,6.61
0,0,1,4,0,16000,0,1,3.70537487,30373.83333,625,7.9825
1,1,0,5,1,20000,0,3,4.26439053,21536,624,8.66
1,1,0,3,0,22000,0,4,4.94709939,36093.16667,788,6.358333333
0,0,1,5,1,34000,1,2,4.70796553,36093.16667,613,6.358333333
1,1,0,5,1,37000,1,3,3.52061247,30573.16667,706,7.733416667
1,1,0,3,1,17000,0,4,3.66114181,20563,730,8.315833333
0,1,0,4,1,31000,0,2,4.29406689,44425.83333,758,5.8425
1,1,1,3,1,18000,0,3,3.31364755,30373.83333,664,7.9825
0,0,1,4,0,29000,0,2,3.46916133,19520.66667,716,8.896666667
0,0,1,3,0,20000,0,3,4.87568406,44426,746,5.095083333
0,0,0,4,1,26000,1,3,4.98618179,42063.16667,712,5.414833333
1,1,1,5,1,33000,1,4,3.52061247,30573.16667,617,7.733416667
0,0,1,4,1,32000,0,1,4.87568406,44426,710,5.095083333
0,1,0,5,0,32000,0,1,4.28381716,42857.16667,628,5.604166667
0,1,1,5,1,38000,1,2,4.98532915,40216.83333,695,5.3995
0,0,0,4,1,22000,0,1,5.74138196,32076.33333,753,6.318333333
1,0,1,5,1,39000,1,3,5.03775575,30100.5,624,7.96275
1,0,0,3,1,20000,0,4,3.63669268,30115.33333,791,7.608333333
1,0,0,5,1,25000,0,3,3.78502178,30804,794,8.431666667
1,1,0,5,1,25000,0,4,4.92918489,41229.83333,653,5.91
0,0,0,5,1,34000,1,1,4.34354688,27256,604,7.8225
1,1,1,4,1,16000,1,4,5.23935845,44437.16667,755,5.881666667
0,0,1,4,1,23000,0,2,4.83260494,41912.16667,654,5.567416667
0,1,0,5,1,29000,0,1,5.0356035,19439,784,8.024166667
1,1,0,5,1,15000,0,3,5.0356035,19439,699,8.024166667
1,0,0,2,1,17000,1,3,3.59050539,12789,753,9.910833333
0,0,0,5,0,31000,0,2,5.83158683,35583.16667,636,6.431666667
1,1,1,4,1,40000,1,4,4.78107286,39064,711,5.945
1,0,1,3,1,40000,1,4,4.98618179,42063.16667,761,5.414833333
0,0,0,3,1,17000,0,3,4.53300508,44425.83333,676,5.8425
0,1,1,3,0,25000,0,1,5.19011599,32304.66667,767,7.193916667
0,1,1,5,0,40000,1,1,5.34449117,22755,683,7.940833333
1,1,1,3,1,18000,0,3,4.94709939,36093.16667,620,6.358333333
1,1,0,4,0,34000,1,4,4.78107286,39064,665,5.945
1,1,0,3,0,22000,0,4,4.75727494,40418,644,6.365083333
0,0,0,4,0,29000,1,2,3.63669268,30115.33333,788,7.608333333
0,0,0,3,1,31000,0,1,3.46916133,19520.66667,729,8.896666667
0,0,0,4,0,39000,1,2,3.46916133,19520.66667,719,8.896666667
1,0,1,3,1,17000,1,3,3.46916133,19520.66667,695,8.896666667
1,1,1,4,0,22000,0,3,5.77682986,27335.5,608,8.079916667
1,1,1,5,1,18000,0,4,4.3,44555.83333,735,5.981666667
0,0,0,5,1,23000,0,2,4.06666964,29309.33333,653,7.521666667
0,1,1,5,0,39000,1,1,5.4584248,32076.33333,794,6.318333333
1,1,0,5,0,16000,0,3,3.4686843,14487.16667,796,8.983333333
1,1,0,4,1,39000,1,3,5.77682986,27335.5,718,8.079916667
0,1,0,4,0,23000,0,1,5.35396094,31577.33333,690,7.701083333
0,1,1,5,0,20000,0,2,5.35396094,31577.33333,735,7.701083333
0,0,0,3,1,16000,1,1,4.94922646,19439,798,8.024166667
0,1,1,1,0,16000,1,1,4.58965589,41661.66667,672,6.199
0,0,1,4,0,21000,0,1,4.3801824,30573.16667,794,7.733416667
0,1,1,3,1,25000,0,2,5.35522049,30100.5,726,7.96275
0,0,0,5,1,33000,0,1,5.22030741,36600,629,7.11
1,0,1,4,0,25000,0,3,4.94922646,19439,688,8.024166667
0,0,1,4,0,26000,1,2,3.78502178,30804,636,8.431666667
1,1,1,3,1,27000,1,3,4.3,44555.83333,663,5.981666667
0,1,0,3,1,40000,1,2,4.3,44555.83333,662,5.981666667
1,0,1,5,0,18000,0,4,4.3,44555.83333,676,5.981666667
1,0,0,3,1,16000,0,4,5.22030741,36600,673,7.11
1,1,0,4,0,17000,0,4,4.88226702,41912.16667,789,5.567416667
1,1,0,3,1,19000,0,3,3.71008358,27256,720,7.8225
0,0,0,4,0,30000,0,1,4.72142055,22755,622,7.940833333
0,1,0,4,1,34000,1,1,5.34449117,22755,783,7.940833333
1,1,0,4,1,26000,0,3,4.26439053,21536,733,8.66
0,0,1,4,0,40000,1,2,4.69723033,41661.66667,740,6.199
1,1,1,4,0,15000,0,4,5.19011599,32304.66667,654,7.193916667
0,0,0,5,1,18000,0,1,4.53300508,44425.83333,611,5.8425
0,1,1,4,0,19000,0,1,3.76339417,29309.33333,785,7.521666667
0,1,0,3,0,18000,0,1,4.75727494,40418,776,6.365083333
0,1,0,5,1,33000,1,1,5.32080167,37332.5,747,7.508333333
1,1,1,4,1,30000,0,3,3.41905047,12789,734,9.910833333
1,1,1,3,1,16000,1,2,4.29406689,44425.83333,760,5.8425
0,1,0,5,1,34000,1,1,5.14091293,40243.16667,656,6.096666667
1,1,0,3,0,27000,1,2,3.58429637,13227.5,749,10.07416667
0,0,1,5,0,19000,0,3,4.98618179,42063.16667,728,5.414833333
0,0,1,3,1,21000,0,1,5.39200968,40243.16667,638,6.096666667
1,1,0,3,0,26000,1,4,3.71008358,27256,659,7.8225
1,0,0,5,0,35000,1,4,5.25041296,44437.16667,721,5.881666667
0,1,0,3,1,40000,1,1,5.0356035,19439,611,8.024166667
0,0,0,3,0,15000,0,1,6.74115103,27335.5,608,8.079916667
0,0,1,4,0,20000,0,2,3.84357001,24066.16667,784,7.715833333
0,1,1,5,0,27000,0,1,4.29406689,44425.83333,772,5.8425
0,1,0,3,0,37000,1,1,4.88226702,41912.16667,783,5.567416667
0,1,1,4,0,40000,1,1,4.92918489,41229.83333,634,5.91
1,1,1,4,1,20000,0,4,5.24425019,36600,788,7.11
0,0,1,5,0,21000,0,2,5.1950095,31577.33333,745,7.701083333
1,1,1,4,1,23000,0,4,3.52061247,30573.16667,759,7.733416667
1,1,0,3,1,36000,1,4,3.14890585,30115.33333,748,7.608333333
1,1,1,3,1,39000,1,4,2.96690257,16516.83333,731,8.589166667
0,1,0,4,0,29000,0,2,3.58429637,13227.5,623,10.07416667
1,0,1,3,1,15000,0,4,4.87568406,44426,611,5.095083333
0,1,1,3,1,31000,0,2,4.90678778,44426,629,5.095083333
0,0,0,5,1,39000,1,2,5.25041296,44437.16667,642,5.881666667
1,1,1,3,0,33000,1,3,4.2,43587.5,607,6.165
1,1,0,4,1,17000,0,4,4.98532915,40216.83333,611,5.3995
0,1,1,4,1,15000,0,2,4.98532915,40216.83333,699,5.3995
0,0,1,4,1,17000,0,3,4.86656602,37332.5,620,7.508333333
1,1,1,4,0,22000,0,4,4.28381716,42857.16667,783,5.604166667
0,1,0,4,1,33000,1,2,4.75727494,40418,662,6.365083333
0,1,0,3,1,21000,0,2,2.93965649,19520.66667,733,8.896666667
0,0,1,3,0,39000,1,2,4.04175506,21536,654,8.66
0,0,1,4,1,27000,1,1,5.25041296,44437.16667,614,5.881666667
0,0,0,4,0,34000,1,2,3.63669268,30115.33333,734,7.608333333
0,1,0,5,0,40000,1,2,4.29406689,44425.83333,624,5.8425
1,1,0,3,0,20000,0,4,4.29406689,44425.83333,785,5.8425
0,0,0,4,1,23000,0,1,4.32400469,14487.16667,798,8.983333333
1,1,0,5,0,15000,0,3,5.4584248,32076.33333,793,6.318333333
1,0,0,3,0,17000,1,3,3.78502178,30804,737,8.431666667
1,0,1,3,1,19000,0,4,3.84357001,24066.16667,728,7.715833333
0,1,1,5,1,32000,0,2,3.22742853,30804,671,8.431666667
0,0,1,4,1,36000,1,2,3.70537487,30373.83333,741,7.9825
0,0,1,5,0,25000,0,1,4.6,44100.16667,694,6.0575
0,0,0,4,1,29000,1,1,5.22030741,36600,644,7.11
0,0,0,3,1,35000,1,1,3.84357001,24066.16667,791,7.715833333
1,0,0,3,0,21000,0,4,4.8864339,40418,644,6.365083333
1,1,0,4,1,29000,0,4,5.59830462,36109.5,753,6.61
0,0,0,3,0,16000,1,1,4.98618179,42063.16667,620,5.414833333
0,1,1,5,0,34000,1,1,3.71008358,27256,612,7.8225
1,0,1,1,1,19000,0,3,4.94922646,19439,664,8.024166667
0,1,0,5,0,31000,0,3,5.59830462,36109.5,784,6.61
0,0,0,4,0,18000,1,2,5.11135844,32304.66667,653,7.193916667
0,1,0,4,1,40000,1,2,4.58965589,41661.66667,725,6.199
1,1,0,5,0,15000,0,4,3.31364755,30373.83333,672,7.9825
1,0,0,4,1,20000,0,3,5.1950095,31577.33333,652,7.701083333
0,0,0,5,0,20000,0,3,4.38253338,26982.33333,674,8.568333333
0,1,0,4,1,25000,0,2,3.58429637,13227.5,708,10.07416667
1,1,1,5,0,19000,0,3,3.46001951,18716.66667,775,8.200833333
0,1,1,5,1,39000,1,1,3.31364755,30373.83333,637,7.9825
1,1,1,5,1,18000,0,3,4.98532915,40216.83333,777,5.3995
0,0,1,4,1,25000,0,2,4.78069453,36109.5,645,6.61
0,0,1,4,1,18000,0,1,3.63669268,30115.33333,647,7.608333333
0,0,1,3,1,33000,1,2,5.74138196,32076.33333,734,6.318333333
1,0,1,4,0,16000,1,3,3.38752413,16516.83333,709,8.589166667
1,1,1,4,0,17000,1,3,3.66114181,20563,640,8.315833333
1,0,0,5,1,15000,0,4,4.94922646,19439,609,8.024166667
0,1,1,4,1,15000,0,1,2.96690257,16516.83333,612,8.589166667
1,1,1,5,1,17000,0,4,4.3,44555.83333,777,5.981666667
1,1,0,5,1,19000,0,3,4.98532915,40216.83333,693,5.3995
1,1,1,1,0,15000,1,4,2.93965649,19520.66667,693,8.896666667
0,1,1,4,1,38000,1,2,5.23935845,44437.16667,658,5.881666667
1,1,0,3,1,28000,1,4,3.71008358,27256,719,7.8225
1,1,0,4,0,38000,1,3,5.23935845,44437.16667,608,5.881666667
0,1,0,4,0,23000,0,2,5.35396094,31577.33333,715,7.701083333
0,1,1,4,1,23000,0,1,4.75727494,40418,688,6.365083333
1,1,1,4,1,18000,0,4,3.58429637,13227.5,623,10.07416667
0,1,1,5,0,15000,0,1,4.90678778,44426,732,5.095083333
1,0,0,5,1,18000,0,4,5.1950095,31577.33333,601,7.701083333
0,0,1,3,1,24000,0,1,4.69723033,41661.66667,746,6.199
0,1,0,5,0,33000,1,2,4.3,44555.83333,678,5.981666667
0,1,0,5,1,21000,0,2,3.66114181,20563,665,8.315833333
0,1,0,5,1,36000,1,1,5.0356035,19439,651,8.024166667
0,0,1,3,0,19000,0,1,4.31879538,13227.5,641,10.07416667
0,0,0,3,0,27000,0,1,4.53300508,44425.83333,776,5.8425
0,0,0,5,1,36000,1,2,5.03775575,30100.5,602,7.96275
0,1,0,4,0,37000,1,1,4.58965589,41661.66667,745,6.199
1,1,1,3,1,38000,1,3,4.29406689,44425.83333,764,5.8425
1,0,1,3,0,20000,0,4,4.70796553,36093.16667,676,6.358333333
1,1,1,5,1,40000,1,4,5.35396094,31577.33333,637,7.701083333
0,1,0,5,0,19000,0,2,4.88226702,41912.16667,766,5.567416667
1,1,0,3,0,23000,0,4,4.2,43587.5,639,6.165
1,0,0,4,0,27000,0,4,3.70537487,30373.83333,663,7.9825
1,1,0,4,1,34000,1,3,5.35396094,31577.33333,623,7.701083333
1,1,0,5,1,17000,0,3,3.96172167,26982.33333,692,8.568333333
0,0,1,4,1,19000,0,3,3.84357001,24066.16667,726,7.715833333
1,0,0,5,1,33000,1,4,3.46916133,19520.66667,799,8.896666667
0,0,1,5,0,16000,0,3,5.1950095,31577.33333,631,7.701083333
1,1,1,4,1,17000,1,4,4.92918489,41229.83333,772,5.91
0,0,1,4,1,20000,0,1,3.65529884,18716.66667,747,8.200833333
1,0,1,3,1,30000,1,3,4.87568406,44426,676,5.095083333
0,0,0,5,0,34000,1,1,5.83158683,35583.16667,638,6.431666667
0,0,1,4,0,18000,0,3,4.3801824,30573.16667,751,7.733416667
1,0,0,3,0,17000,1,4,4.15050313,42857.16667,744,5.604166667
0,1,1,4,0,18000,1,1,2.96690257,16516.83333,621,8.589166667
1,0,0,3,1,18000,0,3,3.84357001,24066.16667,611,7.715833333
1,1,1,4,1,33000,0,3,4.6,44100.16667,718,6.0575
1,1,0,4,0,37000,1,3,4.2,43587.5,618,6.165
0,1,0,3,1,39000,1,1,3.76339417,29309.33333,762,7.521666667
0,1,1,4,0,19000,0,3,3.44487597,24066.16667,703,7.715833333
0,0,0,4,0,22000,0,2,5.11135844,32304.66667,734,7.193916667
1,1,0,4,0,27000,0,4,5.35522049,30100.5,608,7.96275
0,0,0,4,0,28000,0,2,5.83158683,35583.16667,625,6.431666667
1,1,0,4,1,19000,0,4,5.0356035,19439,761,8.024166667
1,0,1,3,1,23000,0,4,4.32400469,14487.16667,732,8.983333333
0,1,1,3,0,22000,0,2,3.66114181,20563,734,8.315833333
1,1,0,5,0,24000,0,4,4.2,43587.5,789,6.165
1,1,0,5,0,33000,1,3,2.96690257,16516.83333,771,8.589166667
1,1,1,3,1,40000,1,4,3.58429637,13227.5,763,10.07416667
0,1,1,5,0,19000,0,1,2.93965649,19520.66667,764,8.896666667
1,1,1,3,0,19000,0,3,2.93965649,19520.66667,723,8.896666667
1,0,0,3,0,20000,0,4,5.1950095,31577.33333,730,7.701083333
0,0,0,4,0,20000,0,2,4.82778981,41229.83333,647,5.91
1,1,0,5,1,30000,0,4,4.78107286,39064,681,5.945
0,0,0,4,0,20000,0,3,4.3801824,30573.16667,760,7.733416667
0,0,1,4,0,29000,1,3,3.59050539,12789,733,9.910833333
1,1,0,3,0,27000,0,2,5.23935845,44437.16667,723,5.881666667
1,0,0,4,0,33000,1,4,4.84510369,39064,736,5.945
0,1,0,4,0,20000,0,1,4.6,44100.16667,753,6.0575
0,1,1,3,1,25000,0,1,4.28381716,42857.16667,673,5.604166667
0,1,1,4,1,30000,1,2,2.96690257,16516.83333,702,8.589166667
1,1,1,3,0,35000,1,3,4.26439053,21536,602,8.66
1,1,0,5,1,17000,1,4,4.78107286,39064,790,5.945
1,1,0,5,0,17000,0,2,4.88226702,41912.16667,657,5.567416667
1,1,1,3,1,19000,0,4,4.75727494,40418,610,6.365083333
0,1,1,3,1,15000,0,2,4.75727494,40418,615,6.365083333
0,0,1,3,1,15000,0,1,4.69723033,41661.66667,627,6.199
0,1,0,5,1,22000,0,1,5.35396094,31577.33333,759,7.701083333
0,0,0,4,1,27000,0,1,5.22030741,36600,681,7.11
0,1,1,3,1,20000,0,1,3.58429637,13227.5,636,10.07416667
0,0,0,3,1,30000,1,1,5.25041296,44437.16667,745,5.881666667
0,1,0,3,1,17000,1,1,3.71008358,27256,800,7.8225
0,1,0,4,1,20000,0,1,3.52061247,30573.16667,669,7.733416667
1,1,0,4,0,35000,1,4,4.94709939,36093.16667,628,6.358333333
0,1,1,3,0,15000,0,1,4.90678778,44426,641,5.095083333
0,0,1,4,1,31000,0,2,4.15050313,42857.16667,632,5.604166667
0,0,0,3,1,35000,1,1,4.15050313,42857.16667,628,5.604166667
1,1,1,4,0,37000,1,3,5.4584248,32076.33333,623,6.318333333
1,1,0,4,1,16000,0,3,2.96690257,16516.83333,743,8.589166667
0,0,0,3,1,39000,1,2,5.22030741,36600,751,7.11
0,1,0,3,1,18000,0,2,5.05485168,37846.16667,717,6.19875
0,0,0,3,1,27000,1,2,4.04175506,21536,625,8.66
0,1,0,5,1,17000,1,1,4.28381716,42857.16667,768,5.604166667
1,1,1,5,1,34000,1,3,2.96690257,16516.83333,793,8.589166667
0,0,1,5,1,33000,1,1,3.63669268,30115.33333,706,7.608333333
0,0,1,4,0,23000,0,1,4.54175572,20563,725,8.315833333
0,0,0,3,1,18000,0,1,4.68199486,37846.16667,621,6.19875
1,1,0,3,1,18000,0,2,4.58965589,41661.66667,691,6.199
0,1,0,5,1,40000,1,2,3.96172167,26982.33333,733,8.568333333
0,1,1,5,0,15000,0,2,5.02379729,42063.16667,786,5.414833333
1,0,0,5,1,19000,0,3,4.98618179,42063.16667,692,5.414833333
0,1,0,4,1,27000,1,1,5.05485168,37846.16667,733,6.19875
1,1,1,4,0,16000,1,3,4.78107286,39064,667,5.945
1,1,0,5,1,18000,0,4,3.76339417,29309.33333,706,7.521666667
0,1,0,1,1,18000,0,1,4.26439053,21536,772,8.66
1,1,1,5,1,17000,1,4,3.52061247,30573.16667,642,7.733416667
1,1,0,5,1,20000,0,3,4.2,43587.5,664,6.165
0,0,1,4,1,37000,1,1,5.11135844,32304.66667,703,7.193916667
0,1,0,3,0,22000,0,1,4.6,44100.16667,633,6.0575
0,0,0,4,1,31000,0,3,5.39200968,40243.16667,703,6.096666667
0,1,0,3,1,37000,1,1,3.31364755,30373.83333,600,7.9825
0,1,1,5,1,29000,0,2,5.14091293,40243.16667,768,6.096666667
1,1,0,2,0,17000,1,3,5.23935845,44437.16667,714,5.881666667
1,1,1,5,1,19000,0,3,4.78107286,39064,692,5.945
1,1,1,3,1,32000,0,4,3.76339417,29309.33333,781,7.521666667
0,1,0,5,1,25000,0,1,5.19011599,32304.66667,777,7.193916667
1,1,1,4,0,18000,0,4,5.32080167,37332.5,796,7.508333333
1,0,0,5,1,21000,0,4,4.06666964,29309.33333,765,7.521666667
0,0,1,4,0,20000,0,3,4.38253338,26982.33333,774,8.568333333
1,0,1,3,1,18000,1,4,3.65529884,18716.66667,674,8.200833333
1,1,0,3,1,23000,0,4,3.76339417,29309.33333,703,7.521666667
0,0,0,3,1,31000,0,2,4.53300508,44425.83333,771,5.8425
0,0,0,4,1,25000,0,1,4.78069453,36109.5,632,6.61
1,0,0,4,0,37000,1,4,4.98618179,42063.16667,792,5.414833333
1,1,0,4,0,16000,0,3,5.23935845,44437.16667,650,5.881666667
1,1,1,5,1,20000,0,4,3.14890585,30115.33333,767,7.608333333
1,1,0,4,1,29000,1,4,4.92918489,41229.83333,619,5.91
0,0,0,3,0,37000,1,1,4.70796553,36093.16667,761,6.358333333
0,1,0,3,1,40000,1,1,4.6,44100.16667,753,6.0575
1,0,0,5,1,39000,1,3,4.84510369,39064,793,5.945
1,1,1,5,1,15000,1,4,3.96172167,26982.33333,743,8.568333333
1,1,1,4,1,40000,1,4,5.77682986,27335.5,697,8.079916667
0,0,0,3,1,33000,1,1,4.04175506,21536,787,8.66
1,1,1,4,1,15000,1,4,2.93965649,19520.66667,678,8.896666667
0,0,1,5,0,27000,0,1,4.3,44555.83333,728,5.981666667
0,1,1,4,1,20000,0,2,4.78107286,39064,725,5.945
0,0,1,3,0,21000,0,2,4.3,44555.83333,705,5.981666667
0,1,1,5,1,38000,1,1,4.90678778,44426,793,5.095083333
1,0,0,4,0,38000,1,3,3.65529884,18716.66667,640,8.200833333
0,0,0,5,1,15000,0,2,5.25041296,44437.16667,736,5.881666667
1,1,0,3,1,18000,0,2,3.66114181,20563,698,8.315833333
0,1,1,4,0,19000,0,2,3.96172167,26982.33333,726,8.568333333
0,0,1,3,1,20000,0,3,5.39200968,40243.16667,769,6.096666667
1,1,1,5,0,21000,0,4,5.35522049,30100.5,628,7.96275
1,1,1,4,0,35000,1,4,3.76339417,29309.33333,722,7.521666667
1,1,1,5,1,20000,0,4,4.98532915,40216.83333,688,5.3995
0,0,1,3,1,26000,1,2,6.74115103,27335.5,743,8.079916667
1,1,1,4,1,17000,1,3,4.94709939,36093.16667,770,6.358333333
0,0,0,4,1,22000,0,1,4.82778981,41229.83333,791,5.91
0,0,0,4,0,28000,1,3,5.39200968,40243.16667,724,6.096666667
1,1,0,4,0,17000,0,3,4.6,44100.16667,689,6.0575
1,1,1,4,1,17000,0,3,5.19011599,32304.66667,722,7.193916667
0,0,0,4,1,30000,1,2,4.78069453,36109.5,605,6.61
0,0,0,5,1,35000,1,3,5.74138196,32076.33333,751,6.318333333
1,1,0,5,0,15000,0,3,4.78107286,39064,681,5.945
1,1,1,4,0,17000,1,4,5.02379729,42063.16667,681,5.414833333
1,1,1,4,1,20000,0,4,3.14890585,30115.33333,605,7.608333333
1,1,0,4,0,21000,0,4,3.4686843,14487.16667,630,8.983333333
1,1,1,3,1,38000,1,3,4.78107286,39064,724,5.945
1,0,1,5,0,17000,1,3,3.63669268,30115.33333,681,7.608333333
0,0,1,5,1,17000,0,1,4.38253338,26982.33333,728,8.568333333
1,1,1,5,0,20000,0,4,4.78107286,39064,723,5.945
0,1,0,4,1,33000,1,1,4.94709939,36093.16667,677,6.358333333
0,0,0,5,0,34000,1,2,4.38253338,26982.33333,639,8.568333333
1,1,1,3,1,15000,0,2,5.4584248,32076.33333,628,6.318333333
1,1,0,4,1,16000,0,2,4.90678778,44426,732,5.095083333
1,1,0,4,1,18000,0,4,4.29406689,44425.83333,611,5.8425
0,0,1,4,0,16000,0,3,5.39200968,40243.16667,792,6.096666667
1,1,1,4,0,20000,0,3,3.41905047,12789,635,9.910833333
0,0,1,5,1,20000,0,3,4.34354688,27256,737,7.8225
0,1,0,5,0,28000,0,2,4.58965589,41661.66667,751,6.199
0,1,0,4,0,38000,1,1,3.76339417,29309.33333,711,7.521666667
0,1,1,4,1,17000,1,1,4.88226702,41912.16667,632,5.567416667
1,1,0,3,0,17000,1,3,5.77682986,27335.5,766,8.079916667
0,0,0,3,1,24000,0,1,5.1950095,31577.33333,663,7.701083333
0,0,0,4,0,36000,1,1,4.72142055,22755,691,7.940833333
1,1,0,5,1,20000,0,3,5.19011599,32304.66667,721,7.193916667
1,1,1,4,1,20000,0,4,4.3,44555.83333,694,5.981666667
1,1,1,5,0,29000,0,4,3.4686843,14487.16667,746,8.983333333
1,0,0,5,1,34000,1,3,4.94922646,19439,616,8.024166667
0,1,1,3,1,38000,1,1,5.02379729,42063.16667,647,5.414833333
0,0,0,3,0,40000,1,1,4.70796553,36093.16667,782,6.358333333
0,0,0,2,0,16000,1,1,5.83158683,35583.16667,789,6.431666667
1,1,1,3,1,17000,0,4,2.96690257,16516.83333,786,8.589166667
0,0,0,4,0,36000,1,1,4.53300508,44425.83333,665,5.8425
1,1,0,4,1,19000,0,3,5.35522049,30100.5,689,7.96275
1,1,0,1,0,16000,1,2,4.29406689,44425.83333,687,5.8425
0,1,0,4,0,40000,1,3,3.41905047,12789,742,9.910833333
1,0,1,3,0,16000,0,3,4.82778981,41229.83333,760,5.91
1,1,0,3,1,28000,1,4,3.52061247,30573.16667,660,7.733416667
1,1,0,4,1,21000,0,4,5.4584248,32076.33333,758,6.318333333
1,1,0,4,0,24000,0,4,5.35396094,31577.33333,669,7.701083333
1,1,1,5,0,18000,0,3,4.28381716,42857.16667,763,5.604166667
0,1,0,3,1,20000,0,2,4.78107286,39064,778,5.945
0,1,1,4,1,27000,0,2,4.98532915,40216.83333,690,5.3995
1,1,1,4,1,40000,1,3,5.02379729,42063.16667,643,5.414833333
1,1,1,5,0,28000,1,4,4.94709939,36093.16667,640,6.358333333
1,1,0,5,0,15000,0,3,5.14091293,40243.16667,783,6.096666667
1,1,1,3,1,16000,1,4,3.66114181,20563,677,8.315833333
0,1,1,4,1,17000,1,2,3.44487597,24066.16667,754,7.715833333
0,1,0,3,0,35000,1,2,2.96690257,16516.83333,756,8.589166667
1,0,0,5,1,23000,0,3,4.94922646,19439,640,8.024166667
0,1,0,3,0,25000,0,2,3.58429637,13227.5,765,10.07416667
0,1,0,4,0,35000,1,2,2.96690257,16516.83333,655,8.589166667
0,0,0,3,0,35000,1,1,5.11135844,32304.66667,797,7.193916667
1,0,0,5,0,16000,1,4,4.94922646,19439,722,8.024166667
0,0,1,3,0,32000,0,3,4.15050313,42857.16667,686,5.604166667
0,0,0,4,1,21000,0,2,4.6,44100.16667,684,6.0575
0,0,1,3,0,17000,0,1,4.78069453,36109.5,791,6.61
0,1,0,5,0,23000,0,3,4.26439053,21536,768,8.66
1,1,0,4,1,19000,0,3,3.41905047,12789,626,9.910833333
0,0,0,3,0,29000,0,1,4.82778981,41229.83333,643,5.91
0,1,0,3,1,32000,0,4,4.92918489,41229.83333,709,5.91
1,1,1,4,0,35000,1,4,4.98532915,40216.83333,603,5.3995
0,1,0,3,0,27000,1,3,3.31364755,30373.83333,723,7.9825
0,0,0,5,1,31000,0,4,3.84357001,24066.16667,709,7.715833333
0,0,1,4,1,40000,1,2,5.11135844,32304.66667,691,7.193916667
0,0,0,4,1,15000,0,2,5.11135844,32304.66667,770,7.193916667
1,1,1,4,0,27000,0,1,4.94709939,36093.16667,716,6.358333333
1,0,0,5,0,30000,0,2,3.70537487,30373.83333,657,7.9825
1,0,0,4,1,34000,1,3,3.46916133,19520.66667,628,8.896666667
1,1,1,4,1,19000,0,2,3.4686843,14487.16667,753,8.983333333
1,1,1,3,1,40000,1,1,3.52061247,30573.16667,754,7.733416667
1,0,1,4,1,28000,0,3,3.65529884,18716.66667,716,8.200833333
0,1,1,3,0,28000,1,1,4.29406689,44425.83333,603,5.8425
0,1,1,5,0,32000,0,1,4.2,43587.5,759,6.165
1,1,1,3,0,20000,0,4,5.0356035,19439,760,8.024166667
1,1,0,4,1,20000,0,2,3.58429637,13227.5,667,10.07416667
0,1,0,4,0,25000,0,1,2.96690257,16516.83333,626,8.589166667
1,1,1,3,1,18000,0,4,3.46001951,18716.66667,755,8.200833333
1,1,1,5,1,22000,0,3,5.35522049,30100.5,644,7.96275
1,1,1,4,0,18000,0,4,3.96172167,26982.33333,612,8.568333333
1,1,1,3,0,24000,0,1,3.41905047,12789,736,9.910833333
0,0,1,4,1,31000,0,2,4.83260494,41912.16667,772,5.567416667
0,1,0,5,0,34000,1,4,4.94709939,36093.16667,792,6.358333333
0,1,1,3,1,19000,0,2,3.76339417,29309.33333,774,7.521666667
1,1,0,3,0,20000,0,3,4.98532915,40216.83333,622,5.3995
0,0,1,3,0,33000,1,4,4.8864339,40418,732,6.365083333
1,1,0,5,1,37000,1,3,3.41905047,12789,651,9.910833333
1,0,0,4,0,30000,1,1,4.38253338,26982.33333,683,8.568333333
0,1,0,4,1,35000,1,3,5.0356035,19439,720,8.024166667
0,1,0,5,1,16000,0,1,5.32080167,37332.5,757,7.508333333
0,1,1,5,1,19000,0,2,3.96172167,26982.33333,679,8.568333333
0,1,0,4,1,25000,0,2,3.58429637,13227.5,777,10.07416667
0,0,0,3,0,16000,0,3,3.84357001,24066.16667,745,7.715833333
0,1,0,5,0,25000,0,1,5.32080167,37332.5,735,7.508333333
1,1,1,3,1,18000,0,1,3.52061247,30573.16667,785,7.733416667
0,0,0,5,1,28000,0,2,4.6,44100.16667,675,6.0575
0,1,0,3,1,33000,1,1,4.88226702,41912.16667,717,5.567416667
1,0,1,4,1,35000,1,4,4.15050313,42857.16667,700,5.604166667
1,1,0,3,1,37000,1,2,4.6,44100.16667,751,6.0575
0,1,0,5,0,17000,1,4,4.28381716,42857.16667,695,5.604166667
0,1,1,3,1,21000,0,2,4.92918489,41229.83333,744,5.91
1,1,0,3,1,19000,0,2,4.29406689,44425.83333,689,5.8425
1,0,0,4,1,35000,1,2,5.03775575,30100.5,602,7.96275
0,1,1,3,1,19000,0,2,5.4584248,32076.33333,794,6.318333333
1,0,0,4,0,22000,0,1,4.54175572,20563,773,8.315833333
0,1,0,4,1,34000,1,2,5.32080167,37332.5,657,7.508333333
1,1,1,5,0,18000,1,3,5.35522049,30100.5,768,7.96275
0,0,0,3,0,21000,0,2,4.86656602,37332.5,717,7.508333333
0,0,0,4,0,18000,0,4,4.70796553,36093.16667,660,6.358333333
0,1,1,5,0,15000,0,1,5.35522049,30100.5,723,7.96275
1,1,0,4,1,22000,0,1,4.26439053,21536,656,8.66
0,0,1,3,0,39000,1,4,4.53300508,44425.83333,640,5.8425
0,1,1,3,0,16000,1,2,4.94709939,36093.16667,755,6.358333333
0,1,0,3,0,25000,0,4,5.24425019,36600,659,7.11
1,0,0,3,1,21000,0,1,3.65529884,18716.66667,670,8.200833333
1,0,0,4,0,36000,1,1,3.46916133,19520.66667,703,8.896666667
0,1,0,3,0,17000,0,4,5.05485168,37846.16667,725,6.19875
1,1,1,4,0,38000,1,1,4.90678778,44426,695,5.095083333
0,1,1,4,0,15000,1,2,3.96172167,26982.33333,788,8.568333333
0,0,1,5,1,40000,1,4,3.65529884,18716.66667,610,8.200833333
0,1,0,4,0,17000,0,1,4.2,43587.5,612,6.165
1,1,0,3,0,26000,0,1,2.96690257,16516.83333,693,8.589166667
1,1,1,3,0,19000,0,2,3.96172167,26982.33333,648,8.568333333
0,0,1,3,0,32000,0,4,5.74138196,32076.33333,775,6.318333333
0,1,0,4,0,17000,1,1,3.76339417,29309.33333,794,7.521666667
1,1,0,5,1,29000,0,4,4.78107286,39064,762,5.945
0,0,0,4,1,33000,1,3,4.15050313,42857.16667,722,5.604166667
1,1,0,5,0,16000,1,2,4.26439053,21536,705,8.66
0,0,1,4,1,39000,1,1,4.86656602,37332.5,621,7.508333333
0,1,0,5,1,34000,1,2,4.3,44555.83333,745,5.981666667
0,1,1,4,1,32000,0,1,3.52061247,30573.16667,697,7.733416667
1,0,0,3,0,15000,0,2,3.59050539,12789,746,9.910833333
1,1,0,3,0,16000,0,2,3.4686843,14487.16667,686,8.983333333
1,1,0,4,1,30000,1,2,5.35522049,30100.5,634,7.96275
0,1,0,4,0,34000,1,3,5.23935845,44437.16667,762,5.881666667
1,1,0,3,1,20000,0,3,2.96690257,16516.83333,768,8.589166667
1,1,1,5,1,20000,0,4,3.76339417,29309.33333,755,7.521666667
0,1,1,4,1,20000,0,2,5.05485168,37846.16667,787,6.19875
0,0,0,5,0,30000,0,2,3.65529884,18716.66667,672,8.200833333
1,1,1,5,1,17000,1,4,4.92918489,41229.83333,686,5.91
0,1,0,5,0,22000,0,1,5.32080167,37332.5,649,7.508333333
1,0,0,4,1,40000,1,3,3.38752413,16516.83333,643,8.589166667
0,1,1,5,0,20000,0,4,3.66114181,20563,752,8.315833333
0,0,1,3,1,31000,0,1,3.78502178,30804,785,8.431666667
1,1,1,5,0,36000,1,4,3.96172167,26982.33333,768,8.568333333
0,0,0,3,0,19000,0,4,4.53300508,44425.83333,649,5.8425
0,1,1,4,0,38000,1,4,5.34449117,22755,729,7.940833333
0,1,1,4,0,32000,0,4,4.28381716,42857.16667,785,5.604166667
0,0,0,4,0,34000,1,4,4.6,44100.16667,749,6.0575
1,0,1,4,1,37000,1,3,5.03775575,30100.5,686,7.96275
1,1,1,3,1,15000,1,4,4.2,43587.5,638,6.165
0,1,0,4,1,16000,0,3,5.35396094,31577.33333,683,7.701083333
1,0,0,4,1,34000,1,2,4.04175506,21536,699,8.66
0,1,1,3,0,35000,1,2,3.44487597,24066.16667,791,7.715833333
0,1,1,3,1,20000,0,2,4.26439053,21536,682,8.66
1,0,0,5,1,22000,0,4,6.74115103,27335.5,711,8.079916667
0,0,0,5,1,38000,1,1,5.74138196,32076.33333,750,6.318333333
0,1,0,4,1,26000,0,1,4.98532915,40216.83333,647,5.3995
1,1,0,4,0,27000,0,1,5.77682986,27335.5,681,8.079916667
1,1,0,3,0,16000,1,4,4.2,43587.5,620,6.165
0,0,1,5,1,18000,0,2,4.8864339,40418,792,6.365083333
0,0,0,5,1,19000,0,4,4.54175572,20563,795,8.315833333
1,0,1,3,0,25000,0,4,4.94922646,19439,749,8.024166667
0,0,0,5,1,35000,1,2,6.74115103,27335.5,705,8.079916667
0,0,1,4,0,20000,0,1,3.84357001,24066.16667,704,7.715833333
1,1,0,3,1,22000,0,4,4.78107286,39064,779,5.945
0,0,0,3,1,37000,1,3,4.86656602,37332.5,783,7.508333333
0,0,0,5,1,23000,0,2,4.54175572,20563,686,8.315833333
0,1,1,4,0,26000,1,4,5.32080167,37332.5,660,7.508333333
0,0,0,4,0,39000,1,2,5.03775575,30100.5,719,7.96275
0,1,1,3,1,16000,0,4,3.14890585,30115.33333,670,7.608333333
0,1,1,4,1,25000,0,1,5.59830462,36109.5,632,6.61
1,1,1,4,1,27000,0,3,5.32080167,37332.5,602,7.508333333
1,0,0,1,1,15000,0,4,5.1950095,31577.33333,687,7.701083333
1,1,0,4,0,15000,0,2,4.94709939,36093.16667,728,6.358333333
1,1,0,5,1,17000,1,1,3.76339417,29309.33333,747,7.521666667
1,1,1,3,0,16000,1,2,4.6,44100.16667,759,6.0575
1,1,1,3,1,20000,0,3,4.3,44555.83333,606,5.981666667
1,1,1,5,1,38000,1,3,3.46001951,18716.66667,755,8.200833333
0,1,0,3,0,20000,0,1,4.2,43587.5,800,6.165
1,1,1,4,1,24000,0,3,3.14890585,30115.33333,600,7.608333333
1,1,1,4,1,18000,0,4,4.92918489,41229.83333,687,5.91
0,1,0,4,0,23000,0,1,4.29406689,44425.83333,781,5.8425
0,1,0,4,1,30000,1,3,5.24425019,36600,782,7.11
0,0,0,4,1,35000,1,4,3.70537487,30373.83333,704,7.9825
0,1,1,4,0,31000,0,1,5.23935845,44437.16667,733,5.881666667
1,1,0,3,0,38000,1,1,3.46001951,18716.66667,617,8.200833333
1,1,0,4,1,39000,1,3,5.24425019,36600,701,7.11
0,1,1,5,0,18000,0,3,5.0356035,19439,692,8.024166667
0,1,1,3,1,19000,0,1,3.44487597,24066.16667,615,7.715833333
0,0,0,5,1,20000,0,1,4.84510369,39064,699,5.945
0,1,1,3,0,29000,1,3,4.29406689,44425.83333,658,5.8425
0,1,0,3,0,35000,1,2,3.76339417,29309.33333,707,7.521666667
1,1,1,5,1,21000,0,4,4.98532915,40216.83333,658,5.3995
1,1,1,5,1,29000,1,4,3.96172167,26982.33333,781,8.568333333
0,1,0,5,1,34000,1,1,5.24425019,36600,614,7.11
1,1,0,3,1,19000,0,2,5.0356035,19439,763,8.024166667
1,0,0,3,0,31000,0,3,6.74115103,27335.5,767,8.079916667
1,1,1,5,0,17000,0,4,5.36220735,35583.16667,638,6.431666667
0,1,1,4,0,24000,0,1,3.58429637,13227.5,714,10.07416667
0,0,1,3,0,24000,0,3,4.34354688,27256,613,7.8225
1,0,1,4,1,23000,0,3,3.65529884,18716.66667,725,8.200833333
0,1,1,3,1,16000,1,4,5.19011599,32304.66667,629,7.193916667
1,1,0,5,0,25000,1,2,3.22742853,30804,790,8.431666667
0,1,0,5,1,30000,0,3,3.44487597,24066.16667,646,7.715833333
1,0,0,4,0,15000,0,3,4.2,43587.5,603,6.165
1,1,0,3,0,21000,0,3,3.66114181,20563,704,8.315833333
0,1,1,3,0,22000,0,2,4.75727494,40418,601,6.365083333
0,1,0,5,0,34000,1,4,4.58965589,41661.66667,652,6.199
0,1,1,5,0,37000,1,2,3.22742853,30804,613,8.431666667
0,1,0,3,0,24000,0,4,4.92918489,41229.83333,700,5.91
0,1,1,5,1,28000,0,3,5.14091293,40243.16667,665,6.096666667
0,1,0,5,1,31000,0,4,4.78107286,39064,601,5.945
0,0,1,4,0,35000,1,2,5.30387327,40216.83333,684,5.3995
1,1,1,5,0,16000,1,4,3.46001951,18716.66667,777,8.200833333
1,1,1,3,0,31000,0,3,4.29406689,44425.83333,732,5.8425
1,1,1,5,0,20000,0,3,4.88226702,41912.16667,631,5.567416667
1,1,0,4,0,34000,1,4,4.92918489,41229.83333,737,5.91
0,0,1,4,0,16000,0,4,4.86656602,37332.5,758,7.508333333
1,0,1,5,1,17000,0,3,4.06666964,29309.33333,625,7.521666667
1,1,0,3,0,24000,0,1,4.29406689,44425.83333,789,5.8425
1,1,0,5,1,16000,1,1,5.0356035,19439,744,8.024166667
1,1,0,4,1,17000,1,1,4.6,44100.16667,795,6.0575
1,1,0,5,1,20000,0,3,3.44487597,24066.16667,675,7.715833333
0,0,1,4,0,35000,1,2,6.74115103,27335.5,673,8.079916667
1,1,1,5,1,15000,0,1,3.41905047,12789,641,9.910833333
0,0,0,5,1,34000,1,2,4.3801824,30573.16667,798,7.733416667
0,1,0,5,0,25000,0,2,3.14890585,30115.33333,700,7.608333333
0,0,0,4,1,22000,0,4,5.30387327,40216.83333,792,5.3995
0,1,1,3,0,28000,0,3,4.92918489,41229.83333,782,5.91
0,1,1,5,1,40000,1,4,5.36220735,35583.16667,791,6.431666667
1,1,1,5,1,16000,0,2,5.35396094,31577.33333,787,7.701083333
0,1,1,4,1,15000,0,3,4.58965589,41661.66667,605,6.199
0,1,1,5,0,16000,1,4,3.41905047,12789,761,9.910833333
1,1,1,4,1,27000,0,2,3.22742853,30804,694,8.431666667
1,1,0,4,0,20000,0,2,5.23935845,44437.16667,799,5.881666667
1,1,1,4,1,18000,0,2,3.4686843,14487.16667,800,8.983333333
1,0,1,3,1,34000,1,1,4.34354688,27256,650,7.8225
1,0,0,3,1,23000,0,4,4.54175572,20563,742,8.315833333
1,1,0,4,0,15000,0,3,5.32080167,37332.5,752,7.508333333
1,1,0,4,1,16000,0,2,5.24425019,36600,757,7.11
0,0,0,5,0,19000,0,1,4.54175572,20563,633,8.315833333
1,1,0,5,1,36000,1,4,5.77682986,27335.5,722,8.079916667
0,1,1,3,0,17000,1,1,5.36220735,35583.16667,617,6.431666667
1,1,0,4,0,21000,0,4,4.78107286,39064,632,5.945
1,1,0,4,0,39000,1,3,4.78107286,39064,758,5.945
0,1,1,3,1,26000,1,2,4.92918489,41229.83333,729,5.91
1,0,0,5,1,31000,0,4,4.3,44555.83333,634,5.981666667
0,1,0,5,1,33000,0,4,3.52061247,30573.16667,765,7.733416667
1,1,1,3,0,40000,1,4,4.6,44100.16667,689,6.0575
1,1,0,5,1,26000,0,2,5.34449117,22755,620,7.940833333
1,0,0,4,0,31000,0,2,4.53300508,44425.83333,656,5.8425
1,0,0,4,0,15000,0,3,4.68199486,37846.16667,609,6.19875
0,1,1,4,1,39000,1,2,5.77682986,27335.5,610,8.079916667
0,1,1,5,1,40000,1,3,4.3,44555.83333,797,5.981666667
0,0,1,4,0,18000,0,1,4.2,43587.5,779,6.165
0,1,0,4,0,20000,0,4,3.96172167,26982.33333,739,8.568333333
0,1,0,3,1,31000,0,3,5.4584248,32076.33333,728,6.318333333
1,0,0,5,1,35000,1,1,4.32400469,14487.16667,722,8.983333333
0,1,0,4,0,15000,0,4,4.94709939,36093.16667,628,6.358333333
0,1,0,5,1,20000,0,4,5.02379729,42063.16667,699,5.414833333
0,1,0,5,1,16000,0,3,5.36220735,35583.16667,709,6.431666667
0,1,1,5,1,16000,0,2,4.78107286,39064,759,5.945
1,1,0,3,1,34000,1,3,5.0356035,19439,628,8.024166667
0,0,1,4,0,17000,1,2,4.34354688,27256,741,7.8225
0,1,1,4,0,18000,0,4,5.24425019,36600,695,7.11
1,1,1,4,0,26000,0,4,4.90678778,44426,771,5.095083333
1,0,1,3,0,38000,1,2,4.68199486,37846.16667,782,6.19875
0,1,0,4,1,18000,0,2,4.29406689,44425.83333,632,5.8425
1,1,0,4,0,30000,0,1,2.96690257,16516.83333,646,8.589166667
0,1,0,5,1,35000,1,2,4.2,43587.5,672,6.165
0,1,0,5,1,26000,0,2,3.46001951,18716.66667,742,8.200833333
0,1,0,4,1,26000,0,1,5.23935845,44437.16667,714,5.881666667
0,0,0,4,1,18000,0,2,3.59050539,12789,607,9.910833333
1,0,0,3,1,34000,1,1,4.78069453,36109.5,716,6.61
0,1,1,4,1,36000,1,2,4.90678778,44426,701,5.095083333
0,0,1,5,1,16000,1,4,5.83158683,35583.16667,768,6.431666667
0,0,1,4,1,23000,0,3,6.74115103,27335.5,737,8.079916667
1,0,1,5,0,30000,1,3,3.70537487,30373.83333,650,7.9825
1,1,1,4,1,18000,0,1,3.71008358,27256,622,7.8225
0,0,1,4,0,34000,1,2,5.30387327,40216.83333,679,5.3995
0,0,1,3,0,30000,0,4,4.86656602,37332.5,767,7.508333333
0,1,0,4,0,20000,0,2,5.19011599,32304.66667,800,7.193916667
0,1,0,5,1,26000,1,4,4.90678778,44426,666,5.095083333
1,1,0,3,1,30000,1,2,5.4584248,32076.33333,743,6.318333333
0,1,0,3,1,38000,1,3,4.92918489,41229.83333,739,5.91
0,1,0,4,0,15000,1,4,3.4686843,14487.16667,734,8.983333333
0,1,1,4,1,18000,0,3,4.75727494,40418,627,6.365083333
0,1,1,5,1,34000,1,2,5.23935845,44437.16667,628,5.881666667
1,1,0,3,1,39000,1,4,3.66114181,20563,745,8.315833333
0,1,0,5,0,18000,0,4,3.58429637,13227.5,693,10.07416667
1,0,0,3,1,27000,1,3,3.59050539,12789,667,9.910833333
1,1,1,3,0,17000,0,2,4.3,44555.83333,632,5.981666667
1,0,0,3,0,25000,1,2,4.04175506,21536,710,8.66
0,0,1,2,1,20000,0,4,4.69723033,41661.66667,638,6.199
1,0,0,4,0,24000,0,3,5.11135844,32304.66667,733,7.193916667
0,0,1,5,1,19000,0,2,4.94922646,19439,602,8.024166667
0,0,0,5,1,16000,0,1,4.15050313,42857.16667,752,5.604166667
1,0,1,3,1,17000,1,4,5.25041296,44437.16667,652,5.881666667
1,0,0,5,1,31000,0,2,4.94922646,19439,653,8.024166667
0,0,0,5,0,30000,1,2,5.03775575,30100.5,765,7.96275
1,1,1,5,1,20000,0,1,5.23935845,44437.16667,765,5.881666667
0,0,1,5,1,20000,0,2,4.84510369,39064,638,5.945
0,1,1,4,1,20000,0,4,3.76339417,29309.33333,756,7.521666667
1,1,0,3,1,27000,1,1,4.92918489,41229.83333,743,5.91
0,0,1,3,0,18000,0,1,5.83158683,35583.16667,785,6.431666667
1,0,0,5,0,23000,0,1,3.84357001,24066.16667,765,7.715833333
1,1,1,5,0,32000,0,4,3.46001951,18716.66667,680,8.200833333
0,0,1,3,0,17000,0,4,3.70537487,30373.83333,687,7.9825
1,1,1,4,1,16000,1,3,2.96690257,16516.83333,783,8.589166667
1,1,1,5,0,17000,1,1,5.23935845,44437.16667,693,5.881666667
1,1,1,3,0,20000,0,3,4.92918489,41229.83333,731,5.91
1,0,0,3,1,15000,0,4,4.3,44555.83333,670,5.981666667
0,1,0,5,0,24000,0,1,3.4686843,14487.16667,662,8.983333333
1,1,1,5,1,16000,0,2,5.0356035,19439,670,8.024166667
1,1,1,3,0,20000,0,2,5.77682986,27335.5,792,8.079916667
0,0,0,4,1,28000,0,4,4.87568406,44426,742,5.095083333
1,1,1,4,1,40000,1,1,3.58429637,13227.5,767,10.07416667
1,1,0,3,0,18000,1,4,5.35396094,31577.33333,699,7.701083333
0,0,0,3,1,27000,0,1,4.04175506,21536,712,8.66
1,1,0,3,1,34000,1,4,4.29406689,44425.83333,729,5.8425
1,1,0,5,0,15000,1,4,4.29406689,44425.83333,602,5.8425
1,0,0,4,0,20000,0,1,4.38253338,26982.33333,723,8.568333333
0,1,0,5,1,32000,0,2,5.24425019,36600,643,7.11
1,0,0,5,1,16000,1,4,5.30387327,40216.83333,621,5.3995
1,1,0,5,1,17000,1,3,5.34449117,22755,721,7.940833333
0,1,0,1,1,18000,0,4,5.34449117,22755,601,7.940833333
0,0,1,5,1,16000,0,2,4.31879538,13227.5,756,10.07416667
1,0,0,3,1,20000,0,1,4.32400469,14487.16667,686,8.983333333
0,1,0,4,1,24000,0,3,5.32080167,37332.5,670,7.508333333
0,1,0,5,0,36000,1,3,3.58429637,13227.5,686,10.07416667
0,1,0,2,1,19000,0,2,4.2,43587.5,684,6.165
1,1,0,4,1,22000,0,2,4.2,43587.5,688,6.165
1,1,1,5,1,38000,1,4,4.2,43587.5,776,6.165
0,1,1,4,1,24000,0,2,5.02379729,42063.16667,688,5.414833333
1,0,0,5,1,23000,0,3,5.22030741,36600,621,7.11
1,1,0,3,1,20000,0,2,5.24425019,36600,773,7.11
1,1,0,5,1,26000,0,3,3.14890585,30115.33333,600,7.608333333
1,1,0,5,1,36000,1,4,5.35396094,31577.33333,754,7.701083333
0,0,0,3,0,37000,1,1,3.63669268,30115.33333,732,7.608333333
0,0,1,3,1,15000,0,4,4.69723033,41661.66667,773,6.199
0,1,0,4,1,38000,1,1,3.31364755,30373.83333,777,7.9825
0,1,1,3,0,18000,1,2,5.36220735,35583.16667,620,6.431666667
0,0,0,3,1,27000,0,4,4.70796553,36093.16667,682,6.358333333
1,1,0,4,1,36000,1,3,3.96172167,26982.33333,627,8.568333333
1,0,0,5,0,23000,0,2,4.98618179,42063.16667,711,5.414833333
1,1,0,3,1,18000,0,4,3.52061247,30573.16667,683,7.733416667
0,1,0,4,1,15000,0,3,4.26439053,21536,642,8.66
0,0,0,4,0,23000,0,2,3.38752413,16516.83333,607,8.589166667
0,0,0,5,1,17000,1,2,3.65529884,18716.66667,772,8.200833333
1,1,1,3,1,22000,0,4,4.90678778,44426,739,5.095083333
1,1,0,3,1,33000,0,4,3.22742853,30804,726,8.431666667
0,0,0,3,1,33000,1,2,5.22030741,36600,707,7.11
1,1,1,4,1,16000,0,3,5.35396094,31577.33333,760,7.701083333
0,1,0,5,1,16000,0,2,3.22742853,30804,685,8.431666667
1,0,0,3,1,22000,0,3,4.84510369,39064,676,5.945
0,1,1,3,1,17000,1,4,3.66114181,20563,621,8.315833333
1,0,0,3,1,25000,0,4,4.3,44555.83333,605,5.981666667
1,0,0,4,1,29000,1,2,4.32400469,14487.16667,772,8.983333333
0,1,1,3,0,17000,1,3,3.71008358,27256,669,7.8225
0,0,0,5,0,18000,0,4,4.32400469,14487.16667,748,8.983333333
1,1,0,5,1,36000,1,3,4.2,43587.5,615,6.165
0,1,0,2,0,17000,0,1,3.44487597,24066.16667,760,7.715833333
0,0,1,4,1,20000,0,2,4.38253338,26982.33333,736,8.568333333
0,1,0,4,1,27000,1,3,2.93965649,19520.66667,634,8.896666667
1,1,0,3,0,38000,1,2,4.2,43587.5,750,6.165
0,0,1,5,1,37000,1,4,4.94922646,19439,615,8.024166667
1,0,1,5,0,19000,0,4,3.70537487,30373.83333,701,7.9825
0,1,1,3,1,23000,0,1,2.93965649,19520.66667,706,8.896666667
1,0,1,4,0,16000,1,1,4.82778981,41229.83333,782,5.91
0,1,1,4,0,15000,0,2,5.02379729,42063.16667,737,5.414833333
1,1,0,5,1,30000,1,1,5.23935845,44437.16667,737,5.881666667
0,1,0,5,0,37000,1,1,5.23935845,44437.16667,751,5.881666667
1,1,0,3,0,18000,0,1,4.94709939,36093.16667,608,6.358333333
0,0,0,4,1,19000,0,3,4.3801824,30573.16667,771,7.733416667
0,0,0,3,1,20000,0,2,4.78069453,36109.5,727,6.61
0,0,0,4,0,29000,1,1,4.87568406,44426,667,5.095083333
1,0,1,3,1,22000,0,2,4.72142055,22755,667,7.940833333
1,1,0,5,0,35000,1,1,4.75727494,40418,691,6.365083333
1,1,0,5,0,37000,1,2,5.19011599,32304.66667,641,7.193916667
0,0,0,4,0,32000,0,2,3.70537487,30373.83333,615,7.9825
0,0,0,3,0,34000,1,4,4.3801824,30573.16667,782,7.733416667
0,0,0,4,1,16000,0,3,6.74115103,27335.5,641,8.079916667
1,1,1,4,1,38000,1,3,4.90678778,44426,681,5.095083333
0,1,1,3,1,23000,0,1,3.22742853,30804,612,8.431666667
1,0,0,3,1,17000,0,1,4.2,43587.5,736,6.165
1,0,0,4,0,29000,1,4,3.38752413,16516.83333,693,8.589166667
1,1,1,5,1,28000,1,3,5.24425019,36600,730,7.11
0,1,1,4,0,35000,1,4,3.22742853,30804,656,8.431666667
0,0,1,3,0,28000,1,1,4.72142055,22755,672,7.940833333
0,1,0,3,1,29000,1,1,5.35522049,30100.5,655,7.96275
0,1,0,5,0,35000,1,4,3.14890585,30115.33333,618,7.608333333
1,0,0,3,1,33000,1,1,3.38752413,16516.83333,607,8.589166667
1,1,0,5,0,17000,0,3,4.94709939,36093.16667,631,6.358333333
1,0,1,4,0,18000,0,4,4.78069453,36109.5,625,6.61
0,1,0,5,0,22000,0,2,3.76339417,29309.33333,678,7.521666667
0,0,0,4,1,34000,1,4,5.83158683,35583.16667,751,6.431666667
1,0,0,5,0,18000,0,4,4.3801824,30573.16667,769,7.733416667
1,1,1,3,0,15000,0,4,3.14890585,30115.33333,778,7.608333333
1,0,0,3,0,24000,0,3,4.82778981,41229.83333,674,5.91
1,1,0,5,1,15000,0,2,5.36220735,35583.16667,760,6.431666667
0,1,1,3,1,17000,0,4,4.98532915,40216.83333,671,5.3995
0,1,0,5,0,28000,1,3,4.88226702,41912.16667,621,5.567416667
1,1,0,4,1,27000,0,2,5.35522049,30100.5,744,7.96275
1,1,0,4,0,36000,1,4,4.92918489,41229.83333,711,5.91
0,1,1,5,0,15000,0,4,3.71008358,27256,638,7.8225
1,1,0,5,0,23000,0,4,4.90678778,44426,628,5.095083333
1,1,0,3,1,24000,0,4,5.36220735,35583.16667,731,6.431666667
1,0,0,5,0,28000,1,2,5.11135844,32304.66667,767,7.193916667
1,0,0,3,0,40000,1,2,4.86656602,37332.5,754,7.508333333
0,0,0,5,1,20000,0,3,4.84510369,39064,692,5.945
0,1,1,5,1,17000,0,4,4.88226702,41912.16667,786,5.567416667
1,0,1,5,1,17000,0,4,4.34354688,27256,695,7.8225
1,1,0,4,0,20000,0,3,4.98532915,40216.83333,661,5.3995
1,1,0,5,1,19000,0,1,5.77682986,27335.5,717,8.079916667
0,1,1,3,0,17000,0,1,3.41905047,12789,632,9.910833333
1,0,0,5,0,20000,0,3,5.25041296,44437.16667,619,5.881666667
0,1,1,3,1,32000,0,2,3.76339417,29309.33333,707,7.521666667
0,0,0,5,1,38000,1,2,4.86656602,37332.5,661,7.508333333
1,1,0,3,1,15000,0,4,5.05485168,37846.16667,640,6.19875
1,0,1,3,1,19000,0,4,3.38752413,16516.83333,703,8.589166667
1,0,0,4,0,21000,0,1,4.94922646,19439,757,8.024166667
0,1,0,5,0,25000,0,3,3.44487597,24066.16667,768,7.715833333
0,1,1,3,0,35000,1,2,4.75727494,40418,705,6.365083333
0,1,0,4,1,15000,1,1,5.34449117,22755,713,7.940833333
0,1,1,3,0,21000,0,4,5.0356035,19439,637,8.024166667
0,1,0,3,1,31000,0,2,5.0356035,19439,689,8.024166667
0,0,0,5,0,34000,1,2,5.83158683,35583.16667,617,6.431666667
1,0,0,5,1,40000,1,3,5.30387327,40216.83333,684,5.3995
1,0,1,4,0,18000,0,3,5.11135844,32304.66667,776,7.193916667
0,1,1,5,1,20000,0,3,3.4686843,14487.16667,768,8.983333333
1,1,0,4,1,33000,1,1,3.31364755,30373.83333,727,7.9825
0,0,0,5,1,35000,1,2,4.6,44100.16667,761,6.0575
0,1,0,5,1,15000,0,1,5.19011599,32304.66667,651,7.193916667
0,1,1,3,1,17000,1,3,3.41905047,12789,719,9.910833333
0,1,0,4,0,24000,0,1,3.66114181,20563,616,8.315833333
0,0,0,4,1,20000,0,1,3.63669268,30115.33333,755,7.608333333
1,1,1,4,1,15000,0,2,4.3,44555.83333,607,5.981666667
1,1,1,3,0,32000,0,4,3.76339417,29309.33333,786,7.521666667
1,0,1,5,0,24000,0,1,4.38253338,26982.33333,675,8.568333333
0,1,0,3,1,18000,0,4,5.59830462,36109.5,775,6.61
1,0,0,3,1,38000,1,2,4.6,44100.16667,654,6.0575
0,0,0,3,1,20000,0,2,6.74115103,27335.5,603,8.079916667
1,0,1,4,1,27000,0,1,5.39200968,40243.16667,652,6.096666667
1,0,0,5,1,37000,1,1,4.84510369,39064,771,5.945
0,1,1,3,1,16000,1,4,4.78107286,39064,600,5.945
1,1,1,3,0,17000,0,4,5.19011599,32304.66667,726,7.193916667
1,1,0,3,1,20000,0,2,3.22742853,30804,732,8.431666667
1,0,0,3,1,33000,0,4,4.32400469,14487.16667,637,8.983333333
1,1,0,4,1,20000,0,4,5.34449117,22755,708,7.940833333
0,1,0,3,0,39000,1,1,3.52061247,30573.16667,628,7.733416667
0,1,1,4,0,20000,0,4,5.4584248,32076.33333,609,6.318333333
0,0,0,5,1,23000,0,1,3.59050539,12789,771,9.910833333
0,0,1,3,1,26000,0,3,3.59050539,12789,677,9.910833333
1,0,0,5,1,26000,0,2,5.11135844,32304.66667,604,7.193916667
0,1,0,3,0,32000,0,4,4.92918489,41229.83333,753,5.91
1,1,1,4,1,17000,0,2,5.05485168,37846.16667,631,6.19875
0,0,0,5,0,26000,0,2,4.82778981,41229.83333,613,5.91
0,0,1,3,1,33000,1,1,5.1950095,31577.33333,649,7.701083333
